<?xml version="1.0" encoding="UTF-8"?>
<metadata xml:lang="ko"><Esri><CreaDate>20180226</CreaDate><CreaTime>15190700</CreaTime><ArcGISFormat>1.0</ArcGISFormat><ArcGISstyle>XTools Pro Metadata</ArcGISstyle><SyncOnce>FALSE</SyncOnce><DataProperties><lineage><Process ToolSource="c:\program files (x86)\arcgis\desktop10.1\ArcToolbox\Toolboxes\Data Management Tools.tbx\DefineProjection" Date="20121127" Time="155249">DefineProjection 공원코드_한려해상 PROJCS['Korean_1985_Korea_Central_Belt_10.405',GEOGCS['GCS_Korean_Datum_1985',DATUM['D_Korean_Datum_1985',SPHEROID['Bessel_1841',6377397.155,299.1528128]],PRIMEM['Greenwich',0.0],UNIT['Degree',0.0174532925199433]],PROJECTION['Transverse_Mercator'],PARAMETER['False_Easting',200000.0],PARAMETER['False_Northing',500000.0],PARAMETER['Central_Meridian',127.002890277778],PARAMETER['Scale_Factor',1.0],PARAMETER['Latitude_Of_Origin',38.0],UNIT['Meter',1.0]]</Process><Process ToolSource="c:\program files (x86)\arcgis\desktop10.1\ArcToolbox\Toolboxes\Data Management Tools.tbx\Project" Date="20140311" Time="110443">Project 공원코드_한려해상 K:\공원GIS자료_20111124기준\공원별격자\WGS\공원격자WGS.gdb\공원코드_한려해상_WGS GEOGCS['GCS_WGS_1984',DATUM['D_WGS_1984',SPHEROID['WGS_1984',6378137.0,298.257223563]],PRIMEM['Greenwich',0.0],UNIT['Degree',0.0174532925199433],METADATA['World',-180.0,-90.0,180.0,90.0,0.0,0.0174532925199433,0.0,1262]] Korean_1985_To_WGS_1984_1 PROJCS['Korean_1985_Korea_Central_Belt_10.405',GEOGCS['GCS_Korean_Datum_1985',DATUM['D_Korean_Datum_1985',SPHEROID['Bessel_1841',6377397.155,299.1528128]],PRIMEM['Greenwich',0.0],UNIT['Degree',0.0174532925199433]],PROJECTION['Transverse_Mercator'],PARAMETER['False_Easting',200000.0],PARAMETER['False_Northing',500000.0],PARAMETER['Central_Meridian',127.002890277778],PARAMETER['Scale_Factor',1.0],PARAMETER['Latitude_Of_Origin',38.0],UNIT['Meter',1.0]]</Process><Process ToolSource="c:\program files (x86)\arcgis\desktop10.1\ArcToolbox\Toolboxes\Data Management Tools.tbx\Project" Date="20180226" Time="145959">Project 전공원격자WGS_20180226 E:\1000_GIS자료\공원별격자\최종20180226\전공원격자ITRF2000_20180226.shp PROJCS['PCS_ITRF2000_TM60',GEOGCS['GCS_ITRF_2000',DATUM['D_ITRF_2000',SPHEROID['GRS_1980',6378137.0,298.257222101]],PRIMEM['Greenwich',0.0],UNIT['Degree',0.0174532925199433]],PROJECTION['Transverse_Mercator'],PARAMETER['False_Easting',200000.0],PARAMETER['False_Northing',600000.0],PARAMETER['Central_Meridian',127.0],PARAMETER['Scale_Factor',1.0],PARAMETER['Latitude_Of_Origin',38.0],UNIT['Meter',1.0]] ITRF_2000_To_WGS_1984 GEOGCS['GCS_WGS_1984',DATUM['D_WGS_1984',SPHEROID['WGS_1984',6378137.0,298.257223563]],PRIMEM['Greenwich',0.0],UNIT['Degree',0.0174532925199433],METADATA['World',-180.0,-90.0,180.0,90.0,0.0,0.0174532925199433,0.0,1262]]</Process><Process ToolSource="c:\program files (x86)\arcgis\desktop10.1\ArcToolbox\Toolboxes\Data Management Tools.tbx\Project" Date="20180226" Time="151907">Project 전공원격자ITRF2000_20180226 E:\1000_GIS자료\공원별격자\최종20180226\전공원격자WGS84_20180226.shp GEOGCS['GCS_WGS_1984',DATUM['D_WGS_1984',SPHEROID['WGS_1984',6378137.0,298.257223563]],PRIMEM['Greenwich',0.0],UNIT['Degree',0.0174532925199433],METADATA['World',-180.0,-90.0,180.0,90.0,0.0,0.0174532925199433,0.0,1262]] ITRF_2000_To_WGS_1984 PROJCS['PCS_ITRF2000_TM60',GEOGCS['GCS_ITRF_2000',DATUM['D_ITRF_2000',SPHEROID['GRS_1980',6378137.0,298.257222101]],PRIMEM['Greenwich',0.0],UNIT['Degree',0.0174532925199433]],PROJECTION['Transverse_Mercator'],PARAMETER['False_Easting',200000.0],PARAMETER['False_Northing',600000.0],PARAMETER['Central_Meridian',127.0],PARAMETER['Scale_Factor',1.0],PARAMETER['Latitude_Of_Origin',38.0],UNIT['Meter',1.0]]</Process></lineage><itemProps><itemSize Sync="TRUE">1.069</itemSize><itemLocation><linkage Sync="TRUE">file://\\WEB1MHZ\K$\공원GIS자료_20111124기준\공원별격자\WGS\공원격자WGS.gdb</linkage><protocol Sync="TRUE">Local Area Network</protocol></itemLocation></itemProps></DataProperties><SyncDate>20180226</SyncDate><SyncTime>15074200</SyncTime><ModDate>20180226</ModDate><ModTime>15074200</ModTime></Esri><history><log><item><changeset>0</changeset><changetype>Data</changetype><user>WEB1MHZ\HP</user><date>2014-03-11 오전 10:32:04</date><comment></comment></item><item><changeset>1</changeset><changetype>Data</changetype><user>WEB1MHZ\HP</user><date>2014-03-11 오전 10:43:28</date><comment></comment></item><item><changeset>2</changeset><changetype>Data</changetype><user>WEB1MHZ\HP</user><date>2015-07-21 오전 11:11:43</date><comment></comment></item><item><changeset>3</changeset><changetype>Data</changetype><user>WEB1MHZ\HP</user><date>2018-02-26 오후 2:47:03</date><comment></comment></item><item><changeset>4</changeset><changetype>Data</changetype><user>WEB1MHZ\HP</user><date>2018-02-26 오후 3:07:41</date><comment></comment></item></log></history><distInfo><distTranOps><transSize Sync="TRUE">1.069</transSize></distTranOps></distInfo></metadata>
