,상권_구분_코드,상권_구분_코드_명,상권_코드,상권_코드_명,시군구_코드,행정동_코드
0,R,전통시장,1001475,강남개포시장,11680,11680670
1,R,전통시장,1001412,화곡본동시장,11500,11500590
2,R,전통시장,1001413,까치산시장,11500,11500593
3,R,전통시장,1001414,송화골목시장,11500,11500611
4,R,전통시장,1001452,중부시장,11620,11620575
5,R,전통시장,1001415,방신전통시장,11500,11500630
6,R,전통시장,1001416,공항시장,11500,11500640
7,R,전통시장,1001423,독산동 우시장,11545,11545610
8,R,전통시장,1001424,남문시장,11545,11545630
9,R,전통시장,1001425,푸른터시장,11545,11545630
10,R,전통시장,1001426,대명시장,11545,11545670
11,R,전통시장,1001427,현대시장,11545,11545670
12,R,전통시장,1001428,박미시장,11545,11545690
13,R,전통시장,1001429,은행나무시장,11545,11545710
14,R,전통시장,1001470,강남시장_강남,11680,11680510
15,R,전통시장,1001372,녹번시장,11380,11380580
16,R,전통시장,1001373,신응암시장,11380,11380590
17,R,전통시장,1001374,대림골목시장,11380,11380600
18,R,전통시장,1001480,새마을시장,11710,11710650
19,R,전통시장,1001440,노량진중앙시장,11590,11590510
20,R,전통시장,1001441,본동인정시장,11590,11590510
21,R,전통시장,1001442,신노량진시장,11590,11590520
22,R,전통시장,1001443,강남시장_동작,11590,11590530
23,R,전통시장,1001444,상도전통시장,11590,11590530
24,R,전통시장,1001445,영도시장,11590,11590540
25,R,전통시장,1001446,성대시장,11590,11590550
26,R,전통시장,1001375,증산종합시장,11380,11380640
27,R,전통시장,1001376,수일시장,11380,11380650
28,R,전통시장,1001460,관악신사시장,11620,11620685
29,R,전통시장,1001461,신림종합시장,11620,11620685
30,R,전통시장,1001462,강남골목시장,11620,11620725
31,R,전통시장,1001463,신림중앙시장,11620,11620725
32,R,전통시장,1001464,삼성동시장,11620,11620745
33,R,전통시장,1001465,신신림시장,11620,11620745
34,R,전통시장,1001466,미성동도깨비시장,11620,11620765
35,R,전통시장,1001467,우림시장,11620,11620775
36,R,전통시장,1001437,영진시장A동,11560,11560680
37,R,전통시장,1001438,우리시장,11560,11560700
38,R,전통시장,1001439,대림중앙시장,11560,11560710
39,R,전통시장,1001417,구로시장,11530,11530550
40,R,전통시장,1001418,남구로시장,11530,11530550
41,R,전통시장,1001419,가리봉시장,11530,11530595
42,R,전통시장,1001420,고척근린시장,11530,11530730
43,R,전통시장,1001421,개봉중앙시장,11530,11530750
44,R,전통시장,1001422,오류시장,11530,11530770
45,R,전통시장,1001476,풍납시장,11710,11710510
46,R,전통시장,1001477,마천시장,11710,11710550
47,R,전통시장,1001478,방이시장,11710,11710562
48,R,전통시장,1001479,석촌시장,11710,11710600
49,R,전통시장,1001396,목4동시장,11470,11470540
50,R,전통시장,1001397,신영시장,11470,11470560
51,R,전통시장,1001398,월정로시장,11470,11470560
52,R,전통시장,1001447,상도4동도깨비골목시장,11590,11590560
53,R,전통시장,1001448,흑석시장,11590,11590605
54,R,전통시장,1001449,남성사계시장,11590,11590630
55,R,전통시장,1001451,사당시장,11590,11590650
56,R,전통시장,1001468,남부종합시장,11650,11650590
57,R,전통시장,1001469,양재시장,11650,11650651
58,R,전통시장,1001407,등마루시장,11500,11500520
59,R,전통시장,1001408,신월중앙시장,11500,11500535
60,U,관광특구,1001494,종로·청계 관광특구,11110,11110615
61,R,전통시장,1001450,남성역골목시장,11590,11590650
62,U,관광특구,1001495,잠실 관광특구,11710,11710566
63,U,관광특구,1001496,강남 마이스 관광특구,11680,11680580
64,U,관광특구,1001491,이태원 관광특구,11170,11170650
65,U,관광특구,1001492,명동 남대문 북창동 다동 무교동 관광특구,11140,11140520
66,U,관광특구,1001493,동대문패션타운 관광특구,11140,11140590
67,A,골목상권,1000334,삼양로93길,11305,11305660
68,A,골목상권,1000354,덕릉로60길,11320,11320513
69,A,골목상권,1000355,도당로13가길,11320,11320700
70,A,골목상권,1000356,도당로13바길,11320,11320700
71,A,골목상권,1000357,도당로19길,11320,11320690
72,A,골목상권,1000358,도당로29길,11320,11320690
73,A,골목상권,1000364,도봉로156길,11320,11320522
74,A,골목상권,1000365,도봉로169나길,11320,11320521
75,A,골목상권,1000366,도봉로181길,11320,11320521
76,A,골목상권,1000367,도봉산4길,11320,11320521
77,A,골목상권,1000368,도봉산길,11320,11320521
78,A,골목상권,1000039,명동길,11140,11140550
79,A,골목상권,1000040,삼일대로4길,11140,11140605
80,A,골목상권,1000662,독산로50길,11545,11545700
81,A,골목상권,1000835,청림3길,11620,11620545
82,A,골목상권,1000836,행운1길,11620,11620575
83,A,골목상권,1000527,목동중앙북로16길,11470,11470520
84,A,골목상권,1000528,목동중앙북로8길,11470,11470530
85,A,골목상권,1000288,오패산로4길,11290,11290725
86,A,골목상권,1000315,노해로17길,11305,11305630
87,A,골목상권,1000316,노해로23길,11305,11305620
88,A,골목상권,1000106,성덕정17길,11200,11200670
89,A,골목상권,1000107,성덕정길,11200,11200650
90,A,골목상권,1000108,성수이로18길,11200,11200690
91,A,골목상권,1000522,목동로9길,11470,11470650
92,A,골목상권,1000523,목동중앙남로3가길,11470,11470540
93,A,골목상권,1000524,목동중앙로13나길,11470,11470520
94,A,골목상권,1000525,목동중앙로3길,11470,11470540
95,A,골목상권,1000753,사당로29길,11590,11590640
96,A,골목상권,1000842,원신길,11620,11620745
97,A,골목상권,1000843,소담길,11620,11620595
98,A,골목상권,1000658,금하로24길,11545,11545710
99,A,골목상권,1000659,남부순환로112길,11545,11545510
100,A,골목상권,1000660,독산로108길,11545,11545630
101,A,골목상권,1000661,독산로40길,11545,11545700
102,A,골목상권,1000171,답십리로23길,11230,11230560
103,A,골목상권,1000172,답십리로56길,11230,11230610
104,A,골목상권,1000173,답십리로60길,11230,11230610
105,A,골목상권,1000174,답십리로63길,11230,11230660
106,A,골목상권,1000197,장한로26가길,11230,11230660
107,A,골목상권,1000198,장한로26길,11230,11230650
108,A,골목상권,1000199,장한로27가길,11230,11230660
109,A,골목상권,1000200,장한로27길,11230,11230660
110,A,골목상권,1000150,면목로17길,11215,11215760
111,A,골목상권,1000151,아차산로40길,11215,11215820
112,A,골목상권,1000770,여의대방로22길,11590,11590680
113,A,골목상권,1000771,여의대방로22나길,11590,11590680
114,A,골목상권,1000772,여의대방로22카길,11590,11590680
115,A,골목상권,1000773,여의대방로24길,11590,11590660
116,A,골목상권,1000633,구로중앙로19길,11530,11530530
117,A,골목상권,1000872,서초대로4길,11650,11650610
118,A,골목상권,1000873,서초대로64길,11650,11650510
119,A,골목상권,1000176,답십리로68길,11230,11230650
120,A,골목상권,1000177,답십리로69길,11230,11230660
121,A,골목상권,1000178,답십리로72길,11230,11230650
122,A,골목상권,1000179,망우로18가길,11230,11230730
123,A,골목상권,1000180,망우로18길,11230,11230730
124,A,골목상권,1000181,망우로21길,11230,11230720
125,A,골목상권,1000183,무학로45길,11230,11230536
126,A,골목상권,1000184,사가정로13길,11230,11230570
127,A,골목상권,1000185,사가정로23가길,11230,11230660
128,A,골목상권,1000186,사가정로2길,11230,11230600
129,A,골목상권,1000187,서울시립대로16길,11230,11230560
130,A,골목상권,1000188,서울시립대로29길,11230,11230560
131,A,골목상권,1000347,한천로124나길,11305,11305590
132,A,골목상권,1000222,겸재로29길,11260,11260565
133,A,골목상권,1000223,겸재로36길,11260,11260565
134,A,골목상권,1000224,겸재로54길,11260,11260565
135,A,골목상권,1000329,삼양로24길,11305,11305555
136,A,골목상권,1000232,동일로130길,11260,11260600
137,A,골목상권,1000233,동일로139가길,11260,11260610
138,A,골목상권,1000234,동일로139길,11260,11260610
139,A,골목상권,1000634,구로중앙로28길,11530,11530560
140,A,골목상권,1000635,구로중앙로34길,11530,11530560
141,A,골목상권,1000119,왕십리로31길,11200,11200520
142,A,골목상권,1000120,왕십리로6길,11200,11200660
143,A,골목상권,1000121,용답29길,11200,11200790
144,A,골목상권,1000122,용답중앙길,11200,11200790
145,A,골목상권,1000123,장터길,11200,11200615
146,A,골목상권,1000182,무학로16길,11230,11230536
147,A,골목상권,1000341,오패산로52길,11305,11305545
148,A,골목상권,1000226,공릉로2길,11260,11260620
149,A,골목상권,1000227,답십리로75길,11260,11260540
150,A,골목상권,1000248,면목로78길,11260,11260565
151,A,골목상권,1000249,봉우재로33길,11260,11260590
152,A,골목상권,1000251,봉화산로4길,11260,11260610
153,A,골목상권,1000252,봉화산로56길,11260,11260680
154,A,골목상권,1000253,사가정로42길,11260,11260570
155,A,골목상권,1000254,사가정로54길,11260,11260570
156,A,골목상권,1000255,신내로7가길,11260,11260580
157,A,골목상권,1000363,도봉로152가길,11320,11320522
158,A,골목상권,1000235,동일로140길,11260,11260600
159,A,골목상권,1000236,동일로149길,11260,11260630
160,A,골목상권,1000237,동일로157길,11260,11260630
161,A,골목상권,1000654,가산로3길,11545,11545610
162,A,골목상권,1000655,가산로5길,11545,11545510
163,A,골목상권,1000656,금하로14길,11545,11545670
164,A,골목상권,1000657,금하로1길,11545,11545610
165,A,골목상권,1000124,청계천로10나길,11200,11200540
166,A,골목상권,1000077,한강대로104길,11170,11170530
167,A,골목상권,1000078,한강대로15길,11170,11170625
168,A,골목상권,1000102,사근동길,11200,11200550
169,A,골목상권,1000103,상원12길,11200,11200660
170,A,골목상권,1000104,상원길,11200,11200660
171,A,골목상권,1000105,서울숲2길,11200,11200660
172,A,골목상권,1000250,봉화산로30길,11260,11260600
173,A,골목상권,1000936,학동로38길,11680,11680531
174,A,골목상권,1000609,개봉로11길,11530,11530760
175,A,골목상권,1000610,개봉로17길,11530,11530750
176,A,골목상권,1000505,토정로37길,11440,11440590
177,A,골목상권,1000506,효창원로93길,11440,11440565
178,A,골목상권,1000974,동남로65길,11740,11740540
179,A,골목상권,1000739,동작대로17길,11590,11590620
180,A,골목상권,1000740,동작대로29길,11590,11590630
181,A,골목상권,1000741,동작대로33길,11590,11590630
182,A,골목상권,1000742,동작대로35길,11590,11590630
183,A,골목상권,1000743,동작대로7길,11590,11590620
184,A,골목상권,1000744,등용로14길,11590,11590660
185,A,골목상권,1000844,강남대로23길,11650,11650651
186,A,골목상권,1000712,선유서로25길,11560,11560610
187,A,골목상권,1000511,곰달래로5길,11470,11470560
188,A,골목상권,1000512,남부순환로33길,11470,11470600
189,A,골목상권,1000513,남부순환로40길,11470,11470580
190,A,골목상권,1000514,남부순환로58길,11470,11470580
191,A,골목상권,1000515,남부순환로70길,11470,11470611
192,A,골목상권,1000516,남부순환로79길,11470,11470610
193,A,골목상권,1000922,삼성로69길,11680,11680630
194,A,골목상권,1000923,삼성로75길,11680,11680630
195,A,골목상권,1000924,선릉로121길,11680,11680531
196,A,골목상권,1000925,선릉로132길,11680,11680565
197,A,골목상권,1000926,선릉로133길,11680,11680531
198,A,골목상권,1000927,선릉로146길,11680,11680565
199,A,골목상권,1000597,양천로73가길,11500,11500510
200,A,골목상권,1000799,남부순환로234길,11620,11620585
201,A,골목상권,1000471,마포대로12길,11440,11440555
202,A,골목상권,1000472,마포대로20길,11440,11440565
203,A,골목상권,1001006,천호대로197길,11740,11740685
204,A,골목상권,1001007,천호대로219길,11740,11740520
205,A,골목상권,1001008,천호옛14길,11740,11740650
206,A,골목상권,1001009,천호옛길,11740,11740650
207,A,골목상권,1001010,풍성로37가길,11740,11740650
208,A,골목상권,1000787,국회단지길,11620,11620605
209,A,골목상권,1000543,중앙로32길,11470,11470620
210,A,골목상권,1000564,강서로5나길,11500,11500540
211,A,골목상권,1000565,강서로5라길,11500,11500550
212,A,골목상권,1000566,강서로8길,11500,11500593
213,A,골목상권,1000567,개화동로23길,11500,11500640
214,A,골목상권,1000568,개화동로25길,11500,11500640
215,A,골목상권,1000569,곰달래로25길,11500,11500593
216,A,골목상권,1000730,영등포로80길,11560,11560630
217,A,골목상권,1000794,난향길,11620,11620715
218,A,골목상권,1000795,남부순환로142길,11620,11620765
219,A,골목상권,1000796,남부순환로151길,11620,11620685
220,A,골목상권,1000797,남부순환로161길,11620,11620685
221,A,골목상권,1000798,남부순환로172길,11620,11620765
222,A,골목상권,1000955,송이로23길,11710,11710632
223,A,골목상권,1000782,관악로28길,11620,11620575
224,A,골목상권,1000783,관악로30길,11620,11620545
225,A,골목상권,1000784,관천로15길,11620,11620685
226,A,골목상권,1000785,관천로22길,11620,11620695
227,A,골목상권,1000889,개포로17길,11680,11680690
228,A,골목상권,1000890,개포로20길,11680,11680690
229,A,골목상권,1000747,사당로16가길,11590,11590650
230,A,골목상권,1000442,세무서길,11410,11410640
231,A,골목상권,1000959,양재대로62길,11710,11710620
232,A,골목상권,1000960,양재대로64길,11710,11710620
233,A,골목상권,1000961,양재대로71길,11710,11710561
234,A,골목상권,1000962,양재대로72길,11710,11710570
235,A,골목상권,1000963,오금로11길,11710,11710562
236,A,골목상권,1000964,오금로36길,11710,11710620
237,A,골목상권,1000665,독산로78다길,11545,11545640
238,A,골목상권,1000941,동남로20길,11710,11710632
239,A,골목상권,1000942,마천로51길,11710,11710550
240,A,골목상권,1000943,백제고분로21길,11710,11710610
241,A,골목상권,1000944,백제고분로22길,11710,11710610
242,A,골목상권,1000945,백제고분로31길,11710,11710610
243,A,골목상권,1000946,백제고분로32길,11710,11710610
244,A,골목상권,1000956,송이로32길,11710,11710641
245,A,골목상권,1000957,송이로36길,11710,11710641
246,A,골목상권,1000958,송파대로30길,11710,11710620
247,A,골목상권,1000467,동교로19길,11440,11440660
248,A,골목상권,1000468,동교로25길,11440,11440710
249,A,골목상권,1000469,동교로27길,11440,11440710
250,A,골목상권,1000591,양천로14길,11500,11500640
251,A,골목상권,1000748,사당로16길,11590,11590650
252,A,골목상권,1000749,사당로20길,11590,11590620
253,A,골목상권,1000750,사당로23길,11590,11590640
254,A,골목상권,1000751,사당로23나길,11590,11590640
255,A,골목상권,1000852,논현로27길,11650,11650651
256,A,골목상권,1000931,영동대로112길,11680,11680580
257,A,골목상권,1000932,영동대로65길,11680,11680610
258,A,골목상권,1000933,일원로3길,11680,11680730
259,A,골목상권,1000978,상암로14길,11740,11740610
260,A,골목상권,1000979,상암로4길,11740,11740610
261,A,골목상권,1000980,상암로51길,11740,11740530
262,A,골목상권,1000981,상암로5길,11740,11740580
263,A,골목상권,1000982,상일로5길,11740,11740520
264,A,골목상권,1000983,성내로5길,11740,11740640
265,A,골목상권,1000697,대림로7길,11560,11560710
266,A,골목상권,1000698,대림로8길,11560,11560700
267,A,골목상권,1000603,화곡로13길,11470,11470600
268,A,골목상권,1000488,신촌로12길,11440,11440660
269,A,골목상권,1000489,신촌로28가길,11440,11440555
270,A,골목상권,1000490,신촌로30길,11440,11440555
271,A,골목상권,1000491,양화로11길,11440,11440660
272,A,골목상권,1000507,가로공원로58길,11470,11470580
273,A,골목상권,1000508,곰달래로10길,11470,11470560
274,A,골목상권,1000509,곰달래로2길,11470,11470560
275,A,골목상권,1000592,양천로24가길,11500,11500630
276,A,골목상권,1000593,양천로24길,11500,11500630
277,A,골목상권,1000594,양천로26길,11500,11500630
278,A,골목상권,1000595,양천로49길,11500,11500603
279,A,골목상권,1000596,양천로71길,11500,11500510
280,A,골목상권,1000921,삼성로64길,11680,11680610
281,A,골목상권,1000934,일원로9길,11680,11680730
282,A,골목상권,1000935,테헤란로81길,11680,11680580
283,A,골목상권,1000968,고덕로10길,11740,11740570
284,A,골목상권,1000969,고덕로25길,11740,11740590
285,A,골목상권,1000970,고덕로61길,11740,11740550
286,A,골목상권,1000971,구천면로36길,11740,11740600
287,A,골목상권,1000972,구천면로41길,11740,11740610
288,A,골목상권,1000973,구천면로42길,11740,11740600
289,A,골목상권,1000718,신길로60길,11560,11560515
290,A,골목상권,1000719,양평로19길,11560,11560620
291,A,골목상권,1000720,양평로22라길,11560,11560620
292,A,골목상권,1000721,양평로28길,11560,11560620
293,A,골목상권,1000722,여의대방로35길,11560,11560680
294,A,골목상권,1000723,여의대방로39길,11560,11560690
295,A,골목상권,1000476,망원로2길,11440,11440690
296,A,골목상권,1000477,매봉산로2길,11440,11440740
297,A,골목상권,1000880,효령로23길,11650,11650600
298,A,골목상권,1000881,효령로31길,11650,11650600
299,A,골목상권,1000882,효령로34길,11650,11650620
300,A,골목상권,1000883,효령로72길,11650,11650520
301,A,골목상권,1000884,방배중앙로21길,11650,11650590
302,A,골목상권,1000879,청두곶길,11650,11650610
303,A,골목상권,1000885,서초중앙로8길,11650,11650510
304,A,골목상권,1000704,도신로29길,11560,11560585
305,A,골목상권,1000510,곰달래로3길,11470,11470560
306,A,골목상권,1000999,진황도로27길,11740,11740620
307,A,골목상권,1000681,시흥대로84길,11545,11545620
308,A,골목상권,1000682,시흥대로94길,11545,11545620
309,A,골목상권,1000895,논현로10길,11680,11680690
310,A,골목상권,1000896,논현로115길,11680,11680521
311,A,골목상권,1000897,논현로123길,11680,11680521
312,A,골목상권,1000473,마포대로4길,11440,11440585
313,A,골목상권,1000474,만리재옛길,11440,11440565
314,A,골목상권,1000475,망원로11길,11440,11440700
315,A,골목상권,1000786,구암길,11620,11620565
316,A,골목상권,1000904,도곡로37길,11680,11680650
317,A,골목상권,1000905,도산대로15길,11680,11680510
318,A,골목상권,1000598,우장산로6길,11500,11500615
319,A,골목상권,1000599,월정로20길,11500,11500540
320,A,골목상권,1000600,초록마을로3길,11500,11500590
321,A,골목상권,1000601,초록마을로8길,11500,11500590
322,A,골목상권,1000602,초원로16길,11500,11500630
323,A,골목상권,1000703,도신로15길,11560,11560585
324,A,골목상권,1000580,공항대로8길,11500,11500620
325,A,골목상권,1000641,도림로6길,11530,11530595
326,A,골목상권,1000669,범안로17길,11545,11545610
327,A,골목상권,1000670,벚꽃로56길,11545,11545510
328,A,골목상권,1000671,시흥대로120길,11545,11545640
329,A,골목상권,1000672,시흥대로138길,11545,11545630
330,A,골목상권,1000673,시흥대로141길,11545,11545610
331,A,골목상권,1000667,문성로5길,11545,11545630
332,A,골목상권,1000668,범안로11길,11545,11545610
333,A,골목상권,1000800,남부순환로248길,11620,11620625
334,A,골목상권,1000920,삼성로63길,11680,11680630
335,A,골목상권,1000438,모래내로15길,11410,11410690
336,A,골목상권,1000439,북아현로4길,11410,11410555
337,A,골목상권,1000440,세검정로1길,11410,11410660
338,A,골목상권,1000441,세무서2길,11410,11410655
339,A,골목상권,1000906,도산대로23길,11680,11680510
340,A,골목상권,1000907,도산대로30길,11680,11680531
341,A,골목상권,1000908,도산대로38길,11680,11680531
342,A,골목상권,1000909,도산대로50길,11680,11680531
343,A,골목상권,1000910,도산대로81길,11680,11680565
344,A,골목상권,1000853,동광로12길,11650,11650621
345,A,골목상권,1000891,개포로28길,11680,11680690
346,A,골목상권,1000892,개포로82길,11680,11680670
347,A,골목상권,1000965,오금로46길,11710,11710632
348,A,골목상권,1000966,풍성로25길,11710,11710510
349,A,골목상권,1000443,수색로8길,11410,11410710
350,A,골목상권,1000444,신촌로37길,11410,11410555
351,A,골목상권,1000445,연희로10길,11410,11410615
352,A,골목상권,1000446,응암로1길,11410,11410720
353,A,골목상권,1000447,증가로10길,11410,11410700
354,A,골목상권,1000898,논현로139길,11680,11680521
355,A,골목상권,1000666,독산로85길,11545,11545630
356,A,골목상권,1000544,중앙로36길,11470,11470620
357,A,골목상권,1000545,중앙로45길,11470,11470640
358,A,골목상권,1000546,중앙로47길,11470,11470640
359,A,골목상권,1000547,중앙로51길,11470,11470570
360,A,골목상권,1000548,중앙로55길,11470,11470570
361,A,골목상권,1000470,동교로38길,11440,11440710
362,A,골목상권,1000435,가재울로6길,11410,11410700
363,A,골목상권,1000436,독립문로8길,11410,11410520
364,A,골목상권,1000437,명지대길,11410,11410700
365,A,골목상권,1000975,동남로82길,11740,11740560
366,A,골목상권,1000976,동남로85길,11740,11740550
367,A,골목상권,1000977,명일로13길,11740,11740700
368,A,골목상권,1000893,남부순환로365길,11680,11680655
369,A,골목상권,1000570,곰달래로31길,11500,11500550
370,A,골목상권,1000571,곰달래로47길,11500,11500550
371,A,골목상권,1000572,곰달래로53길,11500,11500570
372,A,골목상권,1000573,곰달래로60길,11500,11500570
373,A,골목상권,1000611,개봉로17다길,11530,11530750
374,A,골목상권,1000612,개봉로1길,11530,11530760
375,A,골목상권,1000699,도림로112길,11560,11560585
376,A,골목상권,1000894,논현로106길,11680,11680640
377,A,골목상권,1000700,도림로147길,11560,11560605
378,A,골목상권,1000701,도림로63길,11560,11560670
379,A,골목상권,1000702,도림천로21길,11560,11560710
380,A,골목상권,1000793,난우길,11620,11620765
381,A,골목상권,1000984,성안로3길,11740,11740640
382,A,골목상권,1000845,강남대로34길,11650,11650651
383,A,골목상권,1000517,남부순환로88길,11470,11470640
384,A,골목상권,1000899,논현로159길,11680,11680510
385,A,골목상권,1000900,논현로26길,11680,11680656
386,A,골목상권,1000901,논현로28길,11680,11680656
387,A,골목상권,1000902,논현로63길,11680,11680640
388,A,골목상권,1000903,논현로8길,11680,11680690
389,A,골목상권,1000578,공항대로59다길,11500,11500510
390,A,골목상권,1000579,공항대로61길,11500,11500510
391,A,골목상권,1000967,강동대로53길,11740,11740660
392,A,골목상권,1000194,이문로42길,11230,11230750
393,A,골목상권,1000256,용마산로100길,11260,11260660
394,A,골목상권,1000257,용마산로112길,11260,11260655
395,A,골목상권,1000258,용마산로118길,11260,11260655
396,A,골목상권,1000228,동일로100길,11260,11260520
397,A,골목상권,1000306,창경궁로43길,11290,11290525
398,A,골목상권,1000460,대흥로28길,11440,11440610
399,A,골목상권,1000010,성균관로5길,11110,11110650
400,A,골목상권,1000011,숭인동길,11110,11110710
401,A,골목상권,1000012,옥인길,11110,11110515
402,A,골목상권,1000013,율곡로10길,11110,11110615
403,A,골목상권,1000014,율곡로16길,11110,11110630
404,A,골목상권,1000015,이화장길,11110,11110640
405,A,골목상권,1000044,퇴계로12길,11140,11140540
406,A,골목상권,1000045,퇴계로18길,11140,11140550
407,A,골목상권,1000046,퇴계로46길,11140,11140580
408,A,골목상권,1000145,뚝섬로24길,11215,11215847
409,A,골목상권,1000538,오목로3길,11470,11470590
410,A,골목상권,1000539,오목로5길,11470,11470590
411,A,골목상권,1000540,은행정로5길,11470,11470620
412,A,골목상권,1000532,신목로5길,11470,11470630
413,A,골목상권,1000760,상도로61길,11590,11590530
414,A,골목상권,1000761,상도로62길,11590,11590530
415,A,골목상권,1000411,연서로5길,11380,11380625
416,A,골목상권,1000412,은평로10길,11380,11380580
417,A,골목상권,1000413,은평로13길,11380,11380510
418,A,골목상권,1000759,상도로47길,11590,11590530
419,A,골목상권,1000359,도봉로109길,11320,11320680
420,A,골목상권,1000360,도봉로114길,11320,11320511
421,A,골목상권,1000874,서초대로8길,11650,11650610
422,A,골목상권,1000875,신반포로45길,11650,11650540
423,A,골목상권,1000876,언남길,11650,11650652
424,A,골목상권,1000877,주흥15길,11650,11650560
425,A,골목상권,1000878,주흥길,11650,11650560
426,A,골목상권,1000631,구로동로7길,11530,11530595
427,A,골목상권,1000663,독산로64길,11545,11545620
428,A,골목상권,1000664,독산로70길,11545,11545640
429,A,골목상권,1000535,신월로20길,11470,11470610
430,A,골목상권,1000536,오목로23길,11470,11470650
431,A,골목상권,1000537,오목로30길,11470,11470650
432,A,골목상권,1000348,한천로130길,11305,11305590
433,A,골목상권,1000349,한천로132길,11305,11305590
434,A,골목상권,1000317,노해로33길,11305,11305620
435,A,골목상권,1000338,솔샘로65길,11305,11305555
436,A,골목상권,1000339,수유로12길,11305,11305610
437,A,골목상권,1000340,오패산로30길,11305,11305545
438,A,골목상권,1000330,삼양로27길,11305,11305575
439,A,골목상권,1000331,삼양로41길,11305,11305534
440,A,골목상권,1000756,사당로8길,11590,11590651
441,A,골목상권,1000636,구로중앙로42길,11530,11530510
442,A,골목상권,1000637,구로중앙로7길,11530,11530550
443,A,골목상권,1000638,구로중앙로8길,11530,11530550
444,A,골목상권,1000639,남부순환로97길,11530,11530750
445,A,골목상권,1000738,대방동2길,11590,11590660
446,A,골목상권,1000754,사당로2차길,11590,11590651
447,A,골목상권,1000755,사당로30길,11590,11590620
448,A,골목상권,1000632,구로동로8길,11530,11530550
449,A,골목상권,1000733,국사봉1길,11590,11590550
450,A,골목상권,1000342,오패산로67길,11305,11305590
451,A,골목상권,1000343,인수봉로56길,11305,11305660
452,A,골목상권,1000344,인수봉로72길,11305,11305660
453,A,골목상권,1000345,인수봉로79길,11305,11305660
454,A,골목상권,1000350,한천로139가길,11305,11305630
455,A,골목상권,1000351,한천로140길,11305,11305630
456,A,골목상권,1000318,덕릉로40길,11305,11305600
457,A,골목상권,1000319,덕릉로41길,11305,11305590
458,A,골목상권,1000320,도봉로13길,11305,11305555
459,A,골목상권,1000307,한천로101가길,11290,11290760
460,A,골목상권,1000308,한천로76길,11290,11290810
461,A,골목상권,1000332,삼양로54길,11305,11305555
462,A,골목상권,1000333,삼양로77길,11305,11305610
463,A,골목상권,1000398,역말로9길,11380,11380570
464,A,골목상권,1000387,한글비석로24길,11350,11350670
465,A,골목상권,1000388,한글비석로44길,11350,11350670
466,A,골목상권,1000281,삼양로8길,11290,11290685
467,A,골목상권,1000282,성북로8길,11290,11290525
468,A,골목상권,1000189,서울시립대로4길,11230,11230560
469,A,골목상권,1000190,약령시로17길,11230,11230545
470,A,골목상권,1000191,왕산로32길,11230,11230536
471,A,골목상권,1000192,왕산로33길,11230,11230545
472,A,골목상권,1000193,왕산로43길,11230,11230705
473,A,골목상권,1000346,한천로109길,11305,11305606
474,A,골목상권,1000335,솔매로41길,11305,11305535
475,A,골목상권,1000336,솔매로45길,11305,11305535
476,A,골목상권,1000337,솔매로50길,11305,11305545
477,A,골목상권,1000303,종암로24가길,11290,11290705
478,A,골목상권,1000304,종암로5길,11290,11290705
479,A,골목상권,1000305,지봉로20길,11290,11290610
480,A,골목상권,1000309,화랑로13길,11290,11290725
481,A,골목상권,1000311,화랑로19길,11290,11290770
482,A,골목상권,1000312,화랑로1길,11290,11290715
483,A,골목상권,1000041,장충단로8길,11140,11140580
484,A,골목상권,1000042,청구로17길,11140,11140625
485,A,골목상권,1000043,청구로1길,11140,11140645
486,A,골목상권,1000310,화랑로14길,11290,11290725
487,A,골목상권,1000389,가좌로7길,11380,11380600
488,A,골목상권,1000390,갈현로1길,11380,11380631
489,A,골목상권,1000352,노해로60길,11320,11320680
490,A,골목상권,1000353,노해로63다길,11320,11320515
491,A,골목상권,1000529,목동중앙서로7길,11470,11470540
492,A,골목상권,1000530,목동중앙서로8가길,11470,11470540
493,A,골목상권,1000531,신목로2길,11470,11470630
494,A,골목상권,1000118,왕십리로26길,11200,11200535
495,A,골목상권,1000095,마조로16길,11200,11200540
496,A,골목상권,1000096,마조로1길,11200,11200550
497,A,골목상권,1000097,매봉길,11200,11200645
498,A,골목상권,1000098,무수막길,11200,11200615
499,A,골목상권,1000099,무학로6길,11200,11200535
500,A,골목상권,1000100,무학봉28길,11200,11200520
501,A,골목상권,1000101,무학봉길,11200,11200520
502,A,골목상권,1000678,시흥대로62가길,11545,11545670
503,A,골목상권,1000679,시흥대로63길,11545,11545670
504,A,골목상권,1000714,신길로17길,11560,11560670
505,A,골목상권,1000715,신길로39길,11560,11560650
506,A,골목상권,1000716,신길로42가길,11560,11560630
507,A,골목상권,1000717,신길로42길,11560,11560660
508,A,골목상권,1000808,법원단지9길,11620,11620775
509,A,골목상권,1000812,봉천로33길,11620,11620605
510,A,골목상권,1000813,서림7길,11620,11620665
511,A,골목상권,1000814,승방길,11620,11620630
512,A,골목상권,1000928,선릉로18길,11680,11680670
513,A,골목상권,1000929,압구정로2길,11680,11680510
514,A,골목상권,1000930,언주로81길,11680,11680650
515,A,골목상권,1000499,월드컵로16길,11440,11440660
516,A,골목상권,1000867,사평대로26길,11650,11650581
517,A,골목상권,1000868,사평대로57길,11650,11650560
518,A,골목상권,1000869,서초대로15길,11650,11650621
519,A,골목상권,1000552,가로공원로76가길,11500,11500540
520,A,골목상권,1000553,가로공원로80길,11500,11500540
521,A,골목상권,1000624,고척로52길,11530,11530720
522,A,골목상권,1000006,북촌로11길,11110,11110600
523,A,골목상권,1000007,북촌로5길,11110,11110540
524,A,골목상권,1000137,능동로13길,11215,11215710
525,A,골목상권,1000138,능동로19길,11215,11215710
526,A,골목상권,1000139,능동로34길,11215,11215780
527,A,골목상권,1000231,동일로123길,11260,11260610
528,A,골목상권,1000831,조원중앙로2길,11620,11620725
529,A,골목상권,1000832,중앙길,11620,11620615
530,A,골목상권,1000833,청룡8길,11620,11620595
531,A,골목상권,1000809,법원단지길,11620,11620775
532,A,골목상권,1000810,복은길,11620,11620665
533,A,골목상권,1000855,동광로39길,11650,11650581
534,A,골목상권,1000856,동산로10길,11650,11650652
535,A,골목상권,1000857,동산로19길,11650,11650652
536,A,골목상권,1000858,방배천로4안길,11650,11650610
537,A,골목상권,1000859,마방로2길,11650,11650652
538,A,골목상권,1000549,지양로7길,11470,11470611
539,A,골목상권,1000500,월드컵로19길,11440,11440690
540,A,골목상권,1000576,공항대로55길,11500,11500520
541,A,골목상권,1000577,공항대로59길,11500,11500520
542,A,골목상권,1000674,시흥대로150길,11545,11545630
543,A,골목상권,1000675,시흥대로153길,11545,11545510
544,A,골목상권,1000676,시흥대로22길,11545,11545690
545,A,골목상권,1000677,시흥대로36길,11545,11545690
546,A,골목상권,1000821,신림로65길,11620,11620695
547,A,골목상권,1000008,북촌로5나길,11110,11110540
548,A,골목상권,1000009,삼청로5길,11110,11110540
549,A,골목상권,1000762,서달로10길,11590,11590605
550,A,골목상권,1000763,서달로14길,11590,11590605
551,A,골목상권,1000764,서달로15길,11590,11590605
552,A,골목상권,1000765,서달로8가길,11590,11590605
553,A,골목상권,1000326,도봉로99길,11305,11305630
554,A,골목상권,1000327,삼각산로28길,11305,11305630
555,A,골목상권,1000037,동호로20길,11140,11140580
556,A,골목상권,1000038,동호로8길,11140,11140635
557,A,골목상권,1000109,성수이로7길,11200,11200690
558,A,골목상권,1000110,성수일로6길,11200,11200690
559,A,골목상권,1000175,답십리로64길,11230,11230650
560,A,골목상권,1000088,고산자로6길,11200,11200560
561,A,골목상권,1000089,금호산2길,11200,11200615
562,A,골목상권,1000724,여의대방로43나길,11560,11560690
563,A,골목상권,1000815,신림동길,11620,11620695
564,A,골목상권,1000986,양재대로101길,11740,11740660
565,A,골목상권,1000987,양재대로116길,11740,11740685
566,A,골목상권,1000988,양재대로124길,11740,11740685
567,A,골목상권,1000989,양재대로133길,11740,11740600
568,A,골목상권,1000937,학동로56길,11680,11680590
569,A,골목상권,1000991,양재대로95길,11740,11740660
570,A,골목상권,1000992,양재대로96길,11740,11740700
571,A,골목상권,1000993,올림픽로48길,11740,11740640
572,A,골목상권,1000994,올림픽로71길,11740,11740610
573,A,골목상권,1000995,올림픽로77길,11740,11740610
574,A,골목상권,1000996,올림픽로78길,11740,11740610
575,A,골목상권,1000997,올림픽로80길,11740,11740610
576,A,골목상권,1000328,삼양로20길,11305,11305555
577,A,골목상권,1000313,화랑로32길,11290,11290810
578,A,골목상권,1000314,화랑로40길,11290,11290810
579,A,골목상권,1000382,상계로12길,11350,11350640
580,A,골목상권,1000383,상계로1길,11350,11350640
581,A,골목상권,1000094,마장로39길,11200,11200540
582,A,골목상권,1000167,천호대로129길,11215,11215860
583,A,골목상권,1000774,여의대방로46길,11590,11590660
584,A,골목상권,1000238,동일로163길,11260,11260630
585,A,골목상권,1000239,망우로68길,11260,11260655
586,A,골목상권,1000240,망우로73길,11260,11260655
587,A,골목상권,1000241,면목로21길,11260,11260540
588,A,골목상권,1000242,면목로33길,11260,11260540
589,A,골목상권,1000243,면목로45길,11260,11260575
590,A,골목상권,1000247,면목로56길,11260,11260565
591,A,골목상권,1000990,양재대로91길,11740,11740660
592,A,골목상권,1000563,강서로5가길,11500,11500540
593,A,골목상권,1000846,강남대로8길,11650,11650652
594,A,골목상권,1000647,부일로1길,11530,11530790
595,A,골목상권,1000648,새말로18길,11530,11530560
596,A,골목상권,1000649,신도림로13길,11530,11530510
597,A,골목상권,1000650,오류로8길,11530,11530780
598,A,골목상권,1000998,올림픽로98길,11740,11740570
599,A,골목상권,1000653,중앙로1길,11530,11530720
600,A,골목상권,1000752,사당로26길,11590,11590620
601,A,골목상권,1000680,시흥대로68길,11545,11545670
602,A,골목상권,1000829,조원로10길,11620,11620725
603,A,골목상권,1000519,목동동로12길,11470,11470510
604,A,골목상권,1000520,목동동로8길,11470,11470630
605,A,골목상권,1000521,목동로19길,11470,11470650
606,A,골목상권,1000140,능동로3길,11215,11215847
607,A,골목상권,1000141,능동로4길,11215,11215840
608,A,골목상권,1000142,동일로18길,11215,11215847
609,A,골목상권,1000143,동일로24길,11215,11215710
610,A,골목상권,1000144,뚝섬로23길,11215,11215840
611,A,골목상권,1000732,영신로9길,11560,11560515
612,A,골목상권,1000554,강서로15길,11500,11500540
613,A,골목상권,1000555,강서로17가길,11500,11500540
614,A,골목상권,1000556,강서로18길,11500,11500593
615,A,골목상권,1000216,한천로40길,11230,11230660
616,A,골목상권,1000168,경희대로3길,11230,11230710
617,A,골목상권,1000169,경희대로4길,11230,11230710
618,A,골목상권,1000170,난계로30길,11230,11230536
619,A,골목상권,1000022,창신2길,11110,11110680
620,A,골목상권,1000651,우마길,11530,11530595
621,A,골목상권,1000616,개봉로3길,11530,11530760
622,A,골목상권,1000518,목동남로4길,11470,11470680
623,A,골목상권,1000492,양화로1길,11440,11440680
624,A,골목상권,1000493,양화진길,11440,11440680
625,A,골목상권,1000494,와우산로29가길,11440,11440660
626,A,골목상권,1000495,와우산로29길,11440,11440660
627,A,골목상권,1000496,와우산로3길,11440,11440655
628,A,골목상권,1000729,영등포로62길,11560,11560515
629,A,골목상권,1000501,월드컵로25길,11440,11440700
630,A,골목상권,1000502,월드컵로36길,11440,11440730
631,A,골목상권,1000503,월드컵로7길,11440,11440680
632,A,골목상권,1000504,월드컵로8길,11440,11440660
633,A,골목상권,1000688,당산로31길,11560,11560550
634,A,골목상권,1000689,당산로37길,11560,11560560
635,A,골목상권,1000830,조원로18길,11620,11620725
636,A,골목상권,1000062,우사단로10길,11170,11170700
637,A,골목상권,1000063,우사단로14길,11170,11170685
638,A,골목상권,1000028,난계로11길,11140,11140670
639,A,골목상권,1000029,난계로21길,11140,11140670
640,A,골목상권,1000766,성대로1길,11590,11590560
641,A,골목상권,1000870,서초대로23길,11650,11650621
642,A,골목상권,1000245,면목로49길,11260,11260575
643,A,골목상권,1000626,구로동로15길,11530,11530530
644,A,골목상권,1000627,구로동로28길,11530,11530530
645,A,골목상권,1000628,구로동로38길,11530,11530530
646,A,골목상권,1000629,구로동로41길,11530,11530530
647,A,골목상권,1000630,구로동로42길,11530,11530530
648,A,골목상권,1000871,서초대로25길,11650,11650621
649,A,골목상권,1000841,양지길,11620,11620745
650,A,골목상권,1000497,월드컵로10길,11440,11440660
651,A,골목상권,1000498,월드컵로11길,11440,11440690
652,A,골목상권,1000581,국회대로7길,11500,11500550
653,A,골목상권,1000816,신림로11길,11620,11620735
654,A,골목상권,1000817,신림로28길,11620,11620665
655,A,골목상권,1000818,신림로38길,11620,11620665
656,A,골목상권,1000819,신림로48길,11620,11620645
657,A,골목상권,1000780,관악로10길,11620,11620585
658,A,골목상권,1000781,관악로14길,11620,11620585
659,A,골목상권,1000938,학동로6길,11680,11680521
660,A,골목상권,1000939,학동로77길,11680,11680565
661,A,골목상권,1000613,개봉로20길,11530,11530750
662,A,골목상권,1000614,개봉로23가길,11530,11530740
663,A,골목상권,1000615,개봉로2길,11530,11530760
664,A,골목상권,1000533,신목로6길,11470,11470630
665,A,골목상권,1000534,신월로15길,11470,11470590
666,A,골목상권,1000625,공원로6가길,11530,11530560
667,A,골목상권,1000034,동호로10길,11140,11140645
668,A,골목상권,1000035,동호로11길,11140,11140625
669,A,골목상권,1000036,동호로15길,11140,11140625
670,A,골목상권,1000384,상계로9가길,11350,11350640
671,A,골목상권,1000217,한천로46길,11230,11230660
672,A,골목상권,1000218,휘경로14길,11230,11230720
673,A,골목상권,1000219,휘경로23길,11230,11230740
674,A,골목상권,1000220,휘경로2길,11230,11230740
675,A,골목상권,1000361,도봉로143길,11320,11320690
676,A,골목상권,1000362,도봉로147길,11320,11320690
677,A,골목상권,1000834,청룡길,11620,11620595
678,A,골목상권,1000820,신림로64길,11620,11620695
679,A,골목상권,1000483,성미산로32길,11440,11440710
680,A,골목상권,1000484,성산로4길,11440,11440720
681,A,골목상권,1000847,고무래로8길,11650,11650581
682,A,골목상권,1000848,남부순환로317길,11650,11650530
683,A,골목상권,1000849,남부순환로325길,11650,11650530
684,A,골목상권,1000850,남부순환로339길,11650,11650510
685,A,골목상권,1000851,논현로1길,11650,11650652
686,A,골목상권,1001004,천호대로170길,11740,11740650
687,A,골목상권,1001005,천호대로187길,11740,11740685
688,A,골목상권,1000424,증산로17길,11380,11380632
689,A,골목상권,1000391,갈현로33길,11380,11380552
690,A,골목상권,1000392,갈현로41길,11380,11380551
691,A,골목상권,1000385,석계로1길,11350,11350560
692,A,골목상권,1000386,한글비석로22길,11350,11350624
693,A,골목상권,1000621,고척로21나길,11530,11530740
694,A,골목상권,1000622,고척로27길,11530,11530740
695,A,골목상권,1000623,고척로27다길,11530,11530730
696,A,골목상권,1000862,방배로18길,11650,11650600
697,A,골목상권,1000246,면목로55길,11260,11260565
698,A,골목상권,1000023,창신5길,11110,11110680
699,A,골목상권,1000024,창신길,11110,11110680
700,A,골목상권,1000146,뚝섬로48길,11215,11215830
701,A,골목상권,1000147,뚝섬로54길,11215,11215830
702,A,골목상권,1000148,뚝섬로58길,11215,11215830
703,A,골목상권,1000149,뚝섬로64길,11215,11215830
704,A,골목상권,1000244,면목로48길,11260,11260575
705,A,골목상권,1000542,중앙로25길,11470,11470640
706,A,골목상권,1000802,남현3길,11620,11620630
707,A,골목상권,1000617,경인로15길,11530,11530770
708,A,골목상권,1000618,경인로31길,11530,11530740
709,A,골목상권,1000725,여의대방로61길,11560,11560630
710,A,골목상권,1000726,영등포로25길,11560,11560550
711,A,골목상권,1000727,영등포로27길,11560,11560550
712,A,골목상권,1000728,영등포로35길,11560,11560535
713,A,골목상권,1000019,종로65길,11110,11110710
714,A,골목상권,1000020,지봉로8길,11110,11110700
715,A,골목상권,1000021,창경궁로35길,11110,11110650
716,A,골목상권,1000414,은평로20길,11380,11380580
717,A,골목상권,1000415,은평로3길,11380,11380625
718,A,골목상권,1000033,다산로39길,11140,11140615
719,A,골목상권,1000561,강서로47길,11500,11500611
720,A,골목상권,1000562,강서로47라길,11500,11500611
721,A,골목상권,1000837,행운길,11620,11620575
722,A,골목상권,1000838,호암로20길,11620,11620735
723,A,골목상권,1000839,호암로24길,11620,11620735
724,A,골목상권,1000731,영등포로84길,11560,11560630
725,A,골목상권,1000822,신사로20길,11620,11620685
726,A,골목상권,1000823,신원로3길,11620,11620655
727,A,골목상권,1000824,양녕로6길,11620,11620615
728,A,골목상권,1000825,은천로25길,11620,11620565
729,A,골목상권,1000826,인헌길,11620,11620625
730,A,골목상권,1000827,장군봉1길,11620,11620595
731,A,골목상권,1000828,장군봉2길,11620,11620595
732,A,골목상권,1000947,백제고분로33길,11710,11710600
733,A,골목상권,1000948,백제고분로34길,11710,11710600
734,A,골목상권,1000582,까치산로4길,11500,11500590
735,A,골목상권,1000583,남부순환로11길,11500,11500620
736,A,골목상권,1000683,가마산로61길,11560,11560650
737,A,골목상권,1000684,경인로77길,11560,11560605
738,A,골목상권,1000685,경인로80길,11560,11560605
739,A,골목상권,1000686,경인로90길,11560,11560605
740,A,골목상권,1000399,연서로11길,11380,11380560
741,A,골목상권,1000400,연서로13길,11380,11380560
742,A,골목상권,1000401,연서로16길,11380,11380625
743,A,골목상권,1000619,경인로35길,11530,11530740
744,A,골목상권,1000620,경인로47길,11530,11530720
745,A,골목상권,1000283,솔샘로6길,11290,11290640
746,A,골목상권,1000284,아리랑로4길,11290,11290575
747,A,골목상권,1000030,다산로33길,11140,11140615
748,A,골목상권,1000031,다산로36길,11140,11140665
749,A,골목상권,1000032,다산로38길,11140,11140665
750,A,골목상권,1000080,한강대로52길,11170,11170625
751,A,골목상권,1000081,한강대로62길,11170,11170625
752,A,골목상권,1000082,한강대로7길,11170,11170625
753,A,골목상권,1000083,한강대로88길,11170,11170530
754,A,골목상권,1000084,한남대로20길,11170,11170685
755,A,골목상권,1000478,모래내로7길,11440,11440730
756,A,골목상권,1000479,방울내로9안길,11440,11440700
757,A,골목상권,1000480,백범로16길,11440,11440600
758,A,골목상권,1000481,성미산로11길,11440,11440720
759,A,골목상권,1000482,성미산로1길,11440,11440720
760,A,골목상권,1000911,도산대로89길,11680,11680565
761,A,골목상권,1000584,등촌로13길,11500,11500570
762,A,골목상권,1000687,국회대로56길,11560,11560535
763,A,골목상권,1000746,만양로8길,11590,11590510
764,A,골목상권,1001000,진황도로47길,11740,11740685
765,A,골목상권,1001001,천중로39길,11740,11740600
766,A,골목상권,1001002,천중로51길,11740,11740530
767,A,골목상권,1001003,천호대로162길,11740,11740650
768,A,골목상권,1000690,당산로38길,11560,11560560
769,A,골목상권,1000285,안암로5길,11290,11290600
770,A,골목상권,1000286,오패산로19길,11290,11290715
771,A,골목상권,1000559,강서로45길,11500,11500560
772,A,골목상권,1000560,강서로45다길,11500,11500560
773,A,골목상권,1000416,은평로8길,11380,11380580
774,A,골목상권,1000417,응암로12길,11380,11380600
775,A,골목상권,1000418,응암로13길,11380,11380600
776,A,골목상권,1000091,둘레9길,11200,11200650
777,A,골목상권,1000092,뚝섬로5길,11200,11200670
778,A,골목상권,1000093,마장로27길,11200,11200540
779,A,골목상권,1000225,공릉로12가길,11260,11260620
780,A,골목상권,1000160,자양로26길,11215,11215850
781,A,골목상권,1000161,자양로45길,11215,11215770
782,A,골목상권,1000863,방배로35길,11650,11650590
783,A,골목상권,1000705,도신로60길,11560,11560630
784,A,골목상권,1000706,도신로62길,11560,11560630
785,A,골목상권,1000707,디지털로37길,11560,11560710
786,A,골목상권,1000708,디지털로57길,11560,11560710
787,A,골목상권,1000709,디지털로74길,11560,11560700
788,A,골목상권,1000801,남현2길,11620,11620630
789,A,골목상권,1000448,증가로20가길,11410,11410720
790,A,골목상권,1000691,당산로46길,11560,11560560
791,A,골목상권,1000803,남현길,11620,11620630
792,A,골목상권,1000804,당곡길,11620,11620525
793,A,골목상권,1000805,대학14길,11620,11620735
794,A,골목상권,1000806,대학길,11620,11620735
795,A,골목상권,1000807,미성5길,11620,11620765
796,A,골목상권,1000940,거마로20길,11710,11710550
797,A,골목상권,1000419,응암로14길,11380,11380600
798,A,골목상권,1000420,응암로22길,11380,11380600
799,A,골목상권,1000397,수색로18길,11380,11380650
800,A,골목상권,1000079,한강대로43길,11170,11170625
801,A,골목상권,1000025,통일로12길,11110,11110580
802,A,골목상권,1000864,방배로42길,11650,11650590
803,A,골목상권,1000865,사임당로17길,11650,11650510
804,A,골목상권,1000866,사평대로22길,11650,11650581
805,A,골목상권,1000433,통일로87길,11380,11380551
806,A,골목상권,1000434,통일로92길,11380,11380530
807,A,골목상권,1000408,연서로34길,11380,11380530
808,A,골목상권,1000840,양산길,11620,11620745
809,A,골목상권,1000640,도림로12길,11530,11530540
810,A,골목상권,1000604,화곡로20길,11500,11500540
811,A,골목상권,1000605,화곡로31길,11500,11500615
812,A,골목상권,1000606,화곡로44나길,11500,11500591
813,A,골목상권,1000607,화곡로59길,11500,11500591
814,A,골목상권,1000608,화곡로64길,11500,11500520
815,A,골목상권,1000710,선유로55길,11560,11560620
816,A,골목상권,1000711,선유서로24길,11560,11560610
817,A,골목상권,1000949,백제고분로39길,11710,11710600
818,A,골목상권,1000950,백제고분로42길,11710,11710580
819,A,골목상권,1000951,백제고분로45길,11710,11710580
820,A,골목상권,1000952,백제고분로46길,11710,11710580
821,A,골목상권,1000953,백제고분로50길,11710,11710562
822,A,골목상권,1000954,삼전로13길,11710,11710650
823,A,골목상권,1000912,봉은사로109길,11680,11680580
824,A,골목상권,1000026,평창길,11110,11110560
825,A,골목상권,1000027,필운대로1길,11110,11110530
826,A,골목상권,1000458,광성로6길,11440,11440630
827,A,골목상권,1000459,대흥로21길,11440,11440600
828,A,골목상권,1000087,후암로28길,11170,11170510
829,A,골목상권,1000111,송정12라길,11200,11200720
830,A,골목상권,1000112,송정4가길,11200,11200720
831,A,골목상권,1000113,아차산로11길,11200,11200690
832,A,골목상권,1000114,아차산로15길,11200,11200690
833,A,골목상권,1000115,아차산로5길,11200,11200690
834,A,골목상권,1000116,왕십리로14길,11200,11200660
835,A,골목상권,1000117,왕십리로21길,11200,11200560
836,A,골목상권,1000775,장승배기로10길,11590,11590540
837,A,골목상권,1000642,디지털로27길,11530,11530595
838,A,골목상권,1000643,디지털로32가길,11530,11530540
839,A,골목상권,1000644,디지털로32길,11530,11530540
840,A,골목상권,1000645,부일로11길,11530,11530790
841,A,골목상권,1000646,부일로15길,11530,11530790
842,A,골목상권,1000745,만양로14길,11590,11590510
843,A,골목상권,1000713,선유서로28길,11560,11560610
844,A,골목상권,1000776,장승배기로19길,11590,11590520
845,A,골목상권,1000777,장승배기로27길,11590,11590520
846,A,골목상권,1000778,흑석로13길,11590,11590605
847,A,골목상권,1000779,흑석로9길,11590,11590605
848,A,골목상권,1000886,강남대로118길,11680,11680521
849,A,골목상권,1000887,강남대로136길,11680,11680521
850,A,골목상권,1000888,강남대로140길,11680,11680521
851,A,골목상권,1000811,봉천로13길,11620,11620525
852,A,골목상권,1000004,명륜길,11110,11110650
853,A,골목상권,1000005,백석동길,11110,11110550
854,A,골목상권,1000287,오패산로3길,11290,11290715
855,A,골목상권,1000432,통일로78길,11380,11380530
856,A,골목상권,1000195,장한로14길,11230,11230650
857,A,골목상권,1000085,회나무로13길,11170,11170660
858,A,골목상권,1000086,효창원로39길,11170,11170590
859,A,골목상권,1000196,장한로25길,11230,11230650
860,A,골목상권,1000134,긴고랑로7길,11215,11215740
861,A,골목상권,1000135,긴고랑로8길,11215,11215740
862,A,골목상권,1000136,긴고랑로9길,11215,11215760
863,A,골목상권,1000585,등촌로39길,11500,11500530
864,A,골목상권,1000586,등촌로51길,11500,11500530
865,A,골목상권,1000587,등촌로55길,11500,11500530
866,A,골목상권,1000588,등촌로5길,11500,11500570
867,A,골목상권,1000589,방화대로21길,11500,11500620
868,A,골목상권,1000590,방화대로6라길,11500,11500620
869,A,골목상권,1000574,공항대로38길,11500,11500615
870,A,골목상권,1000575,공항대로42길,11500,11500615
871,A,골목상권,1000692,대림로22길,11560,11560700
872,A,골목상권,1000693,대림로29길,11560,11560720
873,A,골목상권,1000694,대림로31길,11560,11560720
874,A,골목상권,1000695,대림로34길,11560,11560720
875,A,골목상권,1000696,대림로44길,11560,11560720
876,A,골목상권,1000550,화곡로3길,11470,11470600
877,A,골목상권,1000551,화곡로4길,11470,11470600
878,A,골목상권,1000321,도봉로18길,11305,11305545
879,A,골목상권,1000322,도봉로45길,11305,11305535
880,A,골목상권,1000323,도봉로67길,11305,11305535
881,A,골목상권,1000324,도봉로76길,11305,11305535
882,A,골목상권,1000325,도봉로8길,11305,11305545
883,A,골목상권,1000421,응암로34길,11380,11380580
884,A,골목상권,1000461,도화4길,11440,11440585
885,A,골목상권,1000162,자양로50길,11215,11215860
886,A,골목상권,1000163,자양로53길,11215,11215770
887,A,골목상권,1000164,자양번영로3길,11215,11215840
888,A,골목상권,1000165,천호대로109길,11215,11215750
889,A,골목상권,1000166,천호대로123길,11215,11215750
890,A,골목상권,1000132,광나루로52길,11215,11215870
891,A,골목상권,1000301,종암로19길,11290,11290705
892,A,골목상권,1000854,동광로1길,11650,11650590
893,A,골목상권,1000449,증가로23나길,11410,11410720
894,A,골목상권,1000450,증가로6길,11410,11410685
895,A,골목상권,1000451,충정로4길,11410,11410565
896,A,골목상권,1000452,충정로6길,11410,11410565
897,A,골목상권,1000453,통일로11길,11410,11410520
898,A,골목상권,1000454,통일로37길,11410,11410620
899,A,골목상권,1000455,통일로39길,11410,11410620
900,A,골목상권,1000456,홍연길,11410,11410615
901,A,골목상권,1000457,홍제내길,11410,11410620
902,A,골목상권,1000485,성지3길,11440,11440680
903,A,골목상권,1000486,숭문8길,11440,11440610
904,A,골목상권,1000487,숭문길,11440,11440610
905,A,골목상권,1000462,도화길,11440,11440585
906,A,골목상권,1000463,독막로22길,11440,11440655
907,A,골목상권,1000464,독막로32길,11440,11440630
908,A,골목상권,1000465,독막로8길,11440,11440680
909,A,골목상권,1000466,동교로17길,11440,11440660
910,A,골목상권,1000001,계동길,11110,11110600
911,A,골목상권,1000002,난계로27길,11110,11110710
912,A,골목상권,1000003,돈화문로11가길,11110,11110615
913,A,골목상권,1000409,연서로3길,11380,11380625
914,A,골목상권,1000410,연서로41길,11380,11380530
915,A,골목상권,1000393,갈현로7길,11380,11380625
916,A,골목상권,1000394,불광천길,11380,11380600
917,A,골목상권,1000395,서오릉로21길,11380,11380560
918,A,골목상권,1000396,서오릉로8길,11380,11380570
919,A,골목상권,1000985,암사길,11740,11740570
920,A,골목상권,1000788,낙성대역길,11620,11620625
921,A,골목상권,1000789,난곡로24길,11620,11620775
922,A,골목상권,1000790,난곡로26길,11620,11620775
923,A,골목상권,1000791,난곡로34길,11620,11620775
924,A,골목상권,1000792,난곡로74길,11620,11620685
925,A,골목상권,1000913,봉은사로29길,11680,11680531
926,A,골목상권,1000914,봉은사로43길,11680,11680531
927,A,골목상권,1000915,봉은사로57길,11680,11680590
928,A,골목상권,1000916,봉은사로68길,11680,11680590
929,A,골목상권,1000917,삼성로115길,11680,11680590
930,A,골목상권,1000918,삼성로147길,11680,11680565
931,A,골목상권,1000919,삼성로57길,11680,11680600
932,A,골목상권,1000652,중앙로15길,11530,11530730
933,D,발달상권,1001034,서울 서초구 방배역,11650,11650600
934,D,발달상권,1001035,매봉역,11680,11680656
935,D,발달상권,1001036,문정역,11710,11710641
936,D,발달상권,1001037,양재역,11680,11680655
937,D,발달상권,1001072,신대방삼거리역,11590,11590550
938,D,발달상권,1001063,교대역_4,11650,11650531
939,D,발달상권,1001064,대림역_1,11530,11530550
940,D,발달상권,1001065,은마아파트입구사거리_1,11680,11680600
941,D,발달상권,1001124,서울 영등포구 영등포시장역,11560,11560535
942,D,발달상권,1001125,학동사거리_2,11680,11680565
943,D,발달상권,1001126,서울 양천구 신정네거리역_2,11470,11470650
944,D,발달상권,1001127,서울 영등포구 여의도역_1,11560,11560540
945,D,발달상권,1001128,청담사거리_1,11680,11680565
946,D,발달상권,1001129,청담사거리_2,11680,11680565
947,D,발달상권,1001130,청담역_1,11680,11680565
948,D,발달상권,1001131,청담역_2,11680,11680565
949,D,발달상권,1001132,영등포유통상가,11560,11560550
950,D,발달상권,1001133,청담사거리_3,11680,11680565
951,D,발달상권,1001134,서울 영등포구 여의도역_2,11560,11560540
952,R,전통시장,1001378,아현가구거리상점가,11410,11410555
953,R,전통시장,1001430,영등포전통시장,11560,11560535
954,R,전통시장,1001431,영등포청과시장,11560,11560550
955,R,전통시장,1001432,도림시장,11560,11560585
956,R,전통시장,1001433,영일시장,11560,11560605
957,R,전통시장,1001434,양남시장,11560,11560610
958,R,전통시장,1001435,대신시장,11560,11560630
959,R,전통시장,1001436,사러가시장,11560,11560650
960,R,전통시장,1001455,봉일시장,11620,11620605
961,R,전통시장,1001456,봉천현대시장,11620,11620605
962,R,전통시장,1001457,봉천중앙시장,11620,11620615
963,R,전통시장,1001458,인헌시장,11620,11620625
964,A,골목상권,1000302,종암로21길,11290,11290705
965,A,골목상권,1000259,용마산로94길,11260,11260575
966,A,골목상권,1000260,중랑천로10길,11260,11260520
967,A,골목상권,1000261,길음로7길,11290,11290660
968,A,골목상권,1000262,돌곶이로14길,11290,11290810
969,A,골목상권,1000263,돌곶이로22길,11290,11290810
970,A,골목상권,1000402,연서로17길,11380,11380552
971,D,발달상권,1001135,신사동 가로수길,11680,11680510
972,D,발달상권,1001136,오목교역,11470,11470510
973,D,발달상권,1001137,서울 강동구 둔촌동역,11740,11740660
974,D,발달상권,1001138,압구정 로데오거리_1,11680,11680565
975,D,발달상권,1001139,서울 영등포구 영등포구청역,11560,11560550
976,D,발달상권,1001140,서울 강남구 압구정역,11680,11680545
977,D,발달상권,1001233,서울 종로구 종로3가역_3,11110,11110615
978,D,발달상권,1001234,서울 종로구 경복궁역_1,11110,11110530
979,D,발달상권,1001235,서울 종로구 안국역_1,11110,11110600
980,D,발달상권,1001236,서울 종로구 안국역_2,11110,11110540
981,D,발달상권,1001237,서울 종로구 경복궁역_2,11110,11110530
982,D,발달상권,1001238,서울 동대문구 청량리역,11230,11230560
983,D,발달상권,1001239,디지털미디어시티,11440,11440740
984,D,발달상권,1001240,혜화역 대학로_1,11110,11110640
985,R,전통시장,1001459,신원시장,11620,11620655
986,R,전통시장,1001392,동진시장,11440,11440710
987,R,전통시장,1001393,마포농수산물시장,11440,11440730
988,R,전통시장,1001379,인왕시장,11410,11410640
989,R,전통시장,1001380,포방터시장,11410,11410660
990,R,전통시장,1001381,모래내시장,11410,11410690
991,R,전통시장,1001382,백련시장,11410,11410700
992,R,전통시장,1001383,공덕시장,11440,11440555
993,R,전통시장,1001384,마포시장,11440,11440555
994,R,전통시장,1001385,아현시장,11440,11440555
995,R,전통시장,1001386,신수시장,11440,11440630
996,R,전통시장,1001387,서교시장,11440,11440660
997,R,전통시장,1001388,영진시장,11440,11440660
998,R,전통시장,1001389,합정시장,11440,11440680
999,R,전통시장,1001390,망원시장,11440,11440690
1000,A,골목상권,1000074,청파로47나길,11170,11170555
1001,A,골목상권,1000075,청파로71길,11170,11170555
1002,A,골목상권,1000076,청파로73길,11170,11170555
1003,A,골목상권,1000159,자양로15길,11215,11215820
1004,A,골목상권,1000125,한림말3길,11200,11200645
1005,A,골목상권,1000126,한림말길,11200,11200645
1006,A,골목상권,1000127,광나루로12길,11215,11215710
1007,D,발달상권,1001141,압구정 로데오거리_2,11680,11680545
1008,D,발달상권,1001142,국회의사당역_1,11560,11560540
1009,D,발달상권,1001143,서울 용산구 신용산역,11170,11170625
1010,D,발달상권,1001144,국회의사당역_2,11560,11560540
1011,D,발달상권,1001145,용산 전자상가_1,11170,11170625
1012,D,발달상권,1001146,용산구청,11170,11170650
1013,D,발달상권,1001147,용산 전자상가_2,11170,11170625
1014,D,발달상권,1001148,목동사거리,11470,11470540
1015,D,발달상권,1001149,한남오거리,11170,11170685
1016,D,발달상권,1001241,혜화역 대학로_2,11110,11110650
1017,D,발달상권,1001242,혜화역 대학로_3,11110,11110650
1018,D,발달상권,1001243,서울 성북구 안암역,11290,11290600
1019,D,발달상권,1001244,경희대학교,11230,11230710
1020,D,발달상권,1001245,서울 성북구 성신여대입구역,11290,11290575
1021,D,발달상권,1001246,미아사거리_1,11290,11290715
1022,D,발달상권,1001204,서울 중구 을지로3가역_1,11140,11140605
1023,D,발달상권,1001205,동대문역사문화공원역,11140,11140590
1024,D,발달상권,1001157,서울 강동구 천호역_1,11740,11740650
1025,R,전통시장,1001391,망원월드컵시장,11440,11440700
1026,R,전통시장,1001403,신월7동골목시장,11470,11470611
1027,R,전통시장,1001404,신정제일시장,11470,11470620
1028,R,전통시장,1001405,신정2동골목시장,11470,11470630
1029,R,전통시장,1001406,신정3동골목시장,11470,11470640
1030,R,전통시장,1001394,목2동시장,11470,11470520
1031,R,전통시장,1001395,목3동시장,11470,11470530
1032,R,전통시장,1001271,동묘시장,11110,11110710
1033,R,전통시장,1001359,창동신창시장,11320,11320512
1034,R,전통시장,1001360,창동골목시장,11320,11320513
1035,R,전통시장,1001361,신도봉시장,11320,11320521
1036,A,골목상권,1000403,연서로21길,11380,11380552
1037,A,골목상권,1000404,연서로27길,11380,11380552
1038,A,골목상권,1000405,연서로28길,11380,11380570
1039,A,골목상권,1000406,연서로29길,11380,11380551
1040,A,골목상권,1000407,연서로33길,11380,11380530
1041,A,골목상권,1000425,증산로21길,11380,11380631
1042,A,골목상권,1000047,퇴계로56길,11140,11140580
1043,D,발달상권,1001150,서울 용산구 이태원역,11170,11170650
1044,D,발달상권,1001151,용산 전자상가_3,11170,11170570
1045,D,발달상권,1001152,서울 광진구 강변역,11215,11215870
1046,D,발달상권,1001153,당산역_1,11560,11560620
1047,D,발달상권,1001154,용산 전자상가_4,11170,11170560
1048,D,발달상권,1001155,용산 전자상가_5,11170,11170560
1049,D,발달상권,1001156,서울 강동구 길동역,11740,11740685
1050,D,발달상권,1001120,도산공원사거리_1,11680,11680545
1051,D,발달상권,1001158,당산역_2,11560,11560560
1052,D,발달상권,1001159,서울 강동구 천호역,11710,11710510
1053,D,발달상권,1001209,서울시청,11140,11140550
1054,D,발달상권,1001210,시청역_2,11140,11140520
1055,D,발달상권,1001211,동대문시장_1,11140,11140590
1056,D,발달상권,1001212,서대문구 서대문역_1,11110,11110580
1057,D,발달상권,1001213,종각역 젊음의 거리,11110,11110615
1058,D,발달상권,1001214,종각역,11110,11110615
1059,D,발달상권,1001215,서울 종로구 광화문역_1,11110,11110530
1060,D,발달상권,1001216,서울 종로구 종로3가역_1,11110,11110615
1061,R,전통시장,1001362,백운시장,11320,11320660
1062,R,전통시장,1001363,쌍문역골목시장,11320,11320680
1063,R,전통시장,1001364,방학동도깨비시장,11320,11320700
1064,R,전통시장,1001365,공릉동도깨비시장,11350,11350595
1065,R,전통시장,1001366,상계시장,11350,11350665
1066,R,전통시장,1001367,상계중앙시장,11350,11350670
1067,R,전통시장,1001399,경창시장,11470,11470570
1068,R,전통시장,1001400,신월3동골목시장,11470,11470580
1069,R,전통시장,1001401,신곡종합시장,11470,11470610
1070,R,전통시장,1001402,신월6동골목시장,11470,11470610
1071,R,전통시장,1001481,명일골목시장,11740,11740530
1072,A,골목상권,1000128,광나루로24길,11215,11215710
1073,A,골목상권,1000129,광나루로36길,11215,11215850
1074,A,골목상권,1000130,광나루로37길,11215,11215860
1075,A,골목상권,1000131,광나루로40길,11215,11215850
1076,A,골목상권,1000048,퇴계로8길,11140,11140540
1077,A,골목상권,1000049,퇴계로90길,11140,11140650
1078,A,골목상권,1000050,녹사평대로11길,11170,11170690
1079,A,골목상권,1000051,녹사평대로26길,11170,11170650
1080,D,발달상권,1001121,영등포역_3,11560,11560535
1081,D,발달상권,1001122,여의도 시범아파트앞,11560,11560540
1082,D,발달상권,1001081,서울 강남구 역삼역_2,11680,11680640
1083,D,발달상권,1001160,서울 광진구 구의역,11215,11215850
1084,D,발달상권,1001161,건대입구역,11215,11215840
1085,D,발달상권,1001162,서울 광진구 건대입구역_1,11215,11215847
1086,D,발달상권,1001163,서울 강동구 천호역_2,11740,11740610
1087,D,발달상권,1001164,서울 마포구 마포역_1,11440,11440585
1088,D,발달상권,1001193,장한평역_1,11230,11230650
1089,D,발달상권,1001194,서울 강서구 발산역,11500,11500535
1090,D,발달상권,1001195,왕십리역_2,11200,11200535
1091,D,발달상권,1001196,시청역_1,11140,11140520
1092,D,발달상권,1001247,미아사거리_2,11290,11290685
1093,D,발달상권,1001248,서울 은평구 불광역_1,11380,11380570
1094,D,발달상권,1001218,동대문시장_2,11110,11110630
1095,D,발달상권,1001219,서울 종로구 동대문역_1,11110,11110680
1096,D,발달상권,1001249,서울 은평구 불광역_2,11380,11380520
1097,D,발달상권,1001250,서울 은평구 불광역_3,11380,11380570
1098,R,전통시장,1001343,장위전통시장,11290,11290770
1099,R,전통시장,1001344,번동시장,11290,11290780
1100,R,전통시장,1001345,새석관시장,11290,11290810
1101,R,전통시장,1001346,석관시장,11290,11290810
1102,R,전통시장,1001347,석관황금시장,11290,11290810
1103,R,전통시장,1001352,번동북부골목시장,11305,11305590
1104,R,전통시장,1001353,수유전통시장,11305,11305610
1105,R,전통시장,1001342,밤나무골시장,11290,11290715
1106,R,전통시장,1001354,우이시장,11305,11305620
1107,R,전통시장,1001355,강북종합시장,11305,11305630
1108,R,전통시장,1001356,수유중앙시장,11305,11305630
1109,A,골목상권,1000052,녹사평대로32길,11170,11170650
1110,A,골목상권,1000053,녹사평대로40나길,11170,11170660
1111,A,골목상권,1000054,녹사평대로46길,11170,11170660
1112,A,골목상권,1000055,대사관로34길,11170,11170685
1113,A,골목상권,1000133,긴고랑로20길,11215,11215750
1114,A,골목상권,1000201,장한로5길,11230,11230650
1115,A,골목상권,1000202,장한로8길,11230,11230650
1116,A,골목상권,1000203,전농로29길,11230,11230560
1117,D,발달상권,1001197,장한평역_2,11230,11230650
1118,D,발달상권,1001198,서울 강서구 송정역,11500,11500620
1119,D,발달상권,1001168,남영역,11170,11170530
1120,D,발달상권,1001169,서울 용산구 숙대입구역,11170,11170520
1121,D,발달상권,1001170,공덕역,11440,11440555
1122,D,발달상권,1001171,서울 마포구 공덕역_2,11440,11440555
1123,D,발달상권,1001172,어린이대공원역,11215,11215730
1124,D,발달상권,1001251,서울 강북구 미아삼거리역_1,11305,11305545
1125,D,발달상권,1001220,서울 종로구 동대문역_2,11110,11110670
1126,D,발달상권,1001221,장안동사거리,11230,11230660
1127,D,발달상권,1001222,동묘앞역,11110,11110670
1128,D,발달상권,1001223,서울 종로구 광화문역_2,11110,11110530
1129,D,발달상권,1001224,서울 동대문구 신설동역_1,11230,11230536
1130,D,발달상권,1001225,신설동역,11110,11110710
1131,R,전통시장,1001357,장미원골목시장,11305,11305645
1132,R,전통시장,1001358,수유북부시장,11305,11305660
1133,R,전통시장,1001348,동북시장,11305,11305534
1134,R,전통시장,1001349,방천골목시장,11305,11305545
1135,R,전통시장,1001350,숭인시장,11305,11305555
1136,R,전통시장,1001351,솔샘시장,11305,11305575
1137,R,전통시장,1001409,화곡중앙골목시장,11500,11500540
1138,R,전통시장,1001410,대원종합시장,11500,11500560
1139,R,전통시장,1001411,남부골목시장,11500,11500570
1140,R,전통시장,1001471,영동전통시장,11680,11680521
1141,R,전통시장,1001472,논현종합시장,11680,11680531
1142,R,전통시장,1001473,청담삼익시장,11680,11680565
1143,A,골목상권,1000204,전농로3길,11230,11230600
1144,A,골목상권,1000205,전농로4길,11230,11230610
1145,A,골목상권,1000206,제기로21길,11230,11230705
1146,A,골목상권,1000264,돌곶이로27길,11290,11290770
1147,A,골목상권,1000265,돌곶이로28길,11290,11290770
1148,A,골목상권,1000266,돌곶이로41길,11290,11290760
1149,D,발달상권,1001173,서울 강동구 명일역,11740,11740530
1150,D,발달상권,1001174,등촌역,11470,11470530
1151,D,발달상권,1001176,서울 중구 약수역_1,11140,11140635
1152,D,발달상권,1001177,서울 중구 약수역_2,11140,11140625
1153,D,발달상권,1001178,서울 마포구 홍대입구역_1,11440,11440660
1154,D,발달상권,1001179,강서구청,11500,11500591
1155,D,발달상권,1001180,신촌역,11440,11440600
1156,D,발달상권,1001191,왕십리역_1,11200,11200560
1157,D,발달상권,1001226,서울 종로구 종로5가역_2,11110,11110630
1158,D,발달상권,1001227,종로구청,11110,11110615
1159,D,발달상권,1001228,서울 종로구 종로5가역_3,11110,11110630
1160,D,발달상권,1001229,서울 종로구 종로5가역_4,11110,11110615
1161,D,발달상권,1001230,인사동,11110,11110615
1162,D,발달상권,1001182,홍익대학교 주변,11440,11440660
1163,R,전통시장,1001483,암사종합시장,11740,11740570
1164,R,전통시장,1001484,양지골목시장,11740,11740590
1165,R,전통시장,1001485,고분다리골목시장,11740,11740600
1166,R,전통시장,1001486,동서울시장,11740,11740610
1167,R,전통시장,1001487,천호시장,11740,11740610
1168,R,전통시장,1001488,성내골목시장,11740,11740650
1169,R,전통시장,1001489,둔촌역전통시장,11740,11740660
1170,R,전통시장,1001339,정릉아리랑시장,11290,11290630
1171,R,전통시장,1001482,고덕전통시장,11740,11740560
1172,R,전통시장,1001340,정릉시장,11290,11290640
1173,R,전통시장,1001341,길음시장,11290,11290660
1174,A,골목상권,1000267,돌곶이로8길,11290,11290810
1175,A,골목상권,1000268,동소문로13길,11290,11290575
1176,A,골목상권,1000269,동소문로15길,11290,11290575
1177,A,골목상권,1000270,동소문로26가길,11290,11290575
1178,A,골목상권,1000271,동소문로2길,11290,11290555
1179,A,골목상권,1000272,동소문로6길,11290,11290555
1180,A,골목상권,1000426,증산로5길,11380,11380640
1181,A,골목상권,1000427,증산로9길,11380,11380640
1182,D,발달상권,1001192,서울 중구 충무로역_1,11140,11140570
1183,D,발달상권,1001199,서울 중구 충무로역_2,11140,11140570
1184,D,발달상권,1001200,북창동,11140,11140520
1185,D,발달상권,1001201,서울 중구 신당역_1,11140,11140650
1186,D,발달상권,1001202,롯데백화점,11140,11140520
1187,D,발달상권,1001203,명동거리,11140,11140550
1188,D,발달상권,1001231,서울 동대문구 신설동역_2,11230,11230536
1189,D,발달상권,1001232,서울 종로구 종로3가역_2,11110,11110615
1190,D,발달상권,1001183,서울 마포구 홍대입구역_2,11440,11440660
1191,D,발달상권,1001184,서울 마포구 홍대입구역_3,11440,11440660
1192,D,발달상권,1001185,서울 서대문구 신촌역,11410,11410585
1193,D,발달상권,1001186,서울 서대문구 이대역,11410,11410585
1194,D,발달상권,1001187,한양시장,11200,11200550
1195,D,발달상권,1001188,장충동 족발거리,11140,11140580
1196,D,발달상권,1001189,서울 중구 명동역,11140,11140550
1197,D,발달상권,1001190,장한평역,11200,11200790
1198,A,골목상권,1000229,동일로101길,11260,11260520
1199,A,골목상권,1000230,동일로112길,11260,11260590
1200,A,골목상권,1000757,상도로15길,11590,11590540
1201,A,골목상권,1000758,상도로37길,11590,11590530
1202,A,골목상권,1000860,바우뫼로39길,11650,11650651
1203,A,골목상권,1000861,반포대로9길,11650,11650530
1204,A,골목상권,1000526,목동중앙본로7길,11470,11470540
1205,A,골목상권,1000428,증산서길,11380,11380640
1206,A,골목상권,1000429,진흥로12길,11380,11380510
1207,A,골목상권,1000430,진흥로1길,11380,11380625
1208,A,골목상권,1000431,통일로69길,11380,11380570
1209,A,골목상권,1000056,두텁바위로1길,11170,11170530
1210,D,발달상권,1001073,서울 강남구 역삼역_1,11680,11680640
1211,D,발달상권,1001074,대림역_2,11530,11530560
1212,D,발달상권,1001075,역삼역_2,11680,11680650
1213,D,발달상권,1001076,구로역,11530,11530560
1214,D,발달상권,1001077,선릉역_1,11680,11680650
1215,D,발달상권,1001078,서울 강남구 강남역_2,11650,11650531
1216,D,발달상권,1001079,석촌역,11710,11710600
1217,D,발달상권,1001080,서울 송파구 석촌역_1,11710,11710580
1218,D,발달상권,1001105,서울 동작구 노량진역,11590,11590510
1219,D,발달상권,1001206,서대문구 서대문역_2,11410,11410565
1220,D,발달상권,1001207,서울 중구 신당역_2,11140,11140615
1221,D,발달상권,1001208,서울 중구 을지로3가역_2,11140,11140605
1222,D,발달상권,1001252,서울 강북구 미아삼거리역_2,11290,11290685
1223,D,발달상권,1001253,서울 은평구 연신내역_1,11380,11380570
1224,D,발달상권,1001254,서울 은평구 연신내역_2,11380,11380551
1225,D,발달상권,1001256,서울 강북구 수유역_1,11305,11305590
1226,D,발달상권,1001257,서울 강북구 수유역_2,11305,11305630
1227,D,발달상권,1001258,등나무근린공원 주변,11350,11350625
1228,A,골목상권,1000017,종로24길,11110,11110615
1229,A,골목상권,1000018,종로58가길,11110,11110710
1230,A,골목상권,1000734,국사봉2길,11590,11590680
1231,A,골목상권,1000735,국사봉길,11590,11590550
1232,A,골목상권,1000736,노량진로6길,11590,11590520
1233,A,골목상권,1000737,대방동27길,11590,11590660
1234,A,골목상권,1000016,자하문로7길,11110,11110530
1235,A,골목상권,1000557,강서로29길,11500,11500540
1236,A,골목상권,1000558,강서로35길,11500,11500560
1237,A,골목상권,1000057,백범로79길,11170,11170580
1238,A,골목상권,1000058,백범로90길,11170,11170560
1239,A,골목상권,1000059,서빙고로71길,11170,11170690
1240,A,골목상권,1000060,소월로20길,11170,11170520
1241,A,골목상권,1000061,신흥로20길,11170,11170510
1242,A,골목상권,1000207,제기로5길,11230,11230545
1243,A,골목상권,1000208,천장산로7길,11230,11230740
1244,A,골목상권,1000209,천호대로12길,11230,11230536
1245,D,발달상권,1001107,방이동 먹자골목,11710,11710562
1246,D,발달상권,1001108,학동역,11680,11680521
1247,D,발달상권,1001109,강남구 논현역_4,11650,11650540
1248,D,발달상권,1001110,잠실역,11710,11710710
1249,D,발달상권,1001111,서울 강남구 강남구청역_1,11680,11680531
1250,D,발달상권,1001112,서울 강남구 학동역_3,11680,11680531
1251,D,발달상권,1001113,서울 동작구 노량진1동_1,11590,11590510
1252,D,발달상권,1001106,서울 강남구 학동역_2,11680,11680531
1253,D,발달상권,1001114,강남구 신사역_1,11650,11650540
1254,D,발달상권,1001260,창동역,11320,11320514
1255,D,발달상권,1001261,서울 노원구 노원역_1,11350,11350695
1256,D,발달상권,1001262,서울 노원구 노원역_2,11350,11350695
1257,D,발달상권,1001263,서울 노원구 노원역_3,11350,11350640
1258,D,발달상권,1001217,서울 종로구 종로5가역_1,11110,11110630
1259,D,발달상권,1001255,서울 은평구 연신내역_3,11380,11380530
1260,D,발달상권,1001259,서울 강북구 수유역_3,11305,11305630
1261,R,전통시장,1001310,구의시장,11215,11215860
1262,R,전통시장,1001322,동부시장,11230,11230600
1263,R,전통시장,1001323,답십리시장,11230,11230610
1264,R,전통시장,1001324,전곡시장,11230,11230660
1265,R,전통시장,1001325,청량리청과물시장,11230,11230545
1266,A,골목상권,1000541,은행정로7길,11470,11470650
1267,A,골목상권,1000767,성대로29길,11590,11590560
1268,A,골목상권,1000768,신대방길,11590,11590670
1269,A,골목상권,1000769,양녕로26길,11590,11590560
1270,A,골목상권,1000422,증산로13길,11380,11380640
1271,A,골목상권,1000423,증산로15길,11380,11380632
1272,A,골목상권,1000210,천호대로17길,11230,11230536
1273,A,골목상권,1000211,천호대로45길,11230,11230536
1274,A,골목상권,1000221,휘경로3길,11230,11230740
1275,A,골목상권,1000289,인촌로17가길,11290,11290600
1276,A,골목상권,1000290,인촌로1길,11290,11290610
1277,A,골목상권,1000291,개운사길,11290,11290600
1278,A,골목상권,1000292,인촌로24길,11290,11290600
1279,D,발달상권,1001115,서울 강남구 강남구청역_2,11680,11680531
1280,D,발달상권,1001116,영등포역_1,11560,11560535
1281,D,발달상권,1001117,강남구 신사역_2,11680,11680521
1282,D,발달상권,1001118,문래동 주민센터,11560,11560605
1283,D,발달상권,1001119,영등포역_2,11560,11560535
1284,D,발달상권,1001082,선릉역_2,11680,11680630
1285,D,발달상권,1001083,서울 송파구 석촌역_2,11710,11710580
1286,D,발달상권,1001084,서울 강남구 선릉역_1,11680,11680590
1287,R,전통시장,1001326,회기시장,11230,11230710
1288,R,전통시장,1001327,이경시장,11230,11230720
1289,R,전통시장,1001328,이문제일시장,11230,11230750
1290,R,전통시장,1001329,동부골목시장,11260,11260590
1291,R,전통시장,1001330,동원시장,11260,11260565
1292,R,전통시장,1001331,면목골목시장,11260,11260570
1293,R,전통시장,1001285,합동(새벽)시장,11140,11140680
1294,R,전통시장,1001294,마장축산물시장,11200,11200540
1295,R,전통시장,1001295,행당시장,11200,11200560
1296,R,전통시장,1001296,금남시장,11200,11200615
1297,R,전통시장,1001297,뚝도시장,11200,11200670
1298,A,골목상권,1000370,방학로15길,11320,11320710
1299,A,골목상권,1000371,방학로5길,11320,11320670
1300,A,골목상권,1000372,방학로6가길,11320,11320690
1301,A,골목상권,1000373,삼양로144길,11320,11320660
1302,A,골목상권,1000374,시루봉로23길,11320,11320521
1303,A,골목상권,1000369,방학로10길,11320,11320700
1304,A,골목상권,1000375,우이천로32길,11320,11320660
1305,A,골목상권,1000293,인촌로5길,11290,11290600
1306,A,골목상권,1000294,인촌로6길,11290,11290610
1307,A,골목상권,1000212,천호대로77길,11230,11230650
1308,A,골목상권,1000213,천호대로97길,11230,11230650
1309,A,골목상권,1000214,한천로14길,11230,11230650
1310,A,골목상권,1000215,한천로33길,11230,11230570
1311,A,골목상권,1000273,보국문로16길,11290,11290650
1312,A,골목상권,1000274,보문로13길,11290,11290610
1313,D,발달상권,1001085,서울 서초구 강남역,11680,11680640
1314,D,발달상권,1001086,고속터미널역,11650,11650581
1315,D,발달상권,1001087,서울 강남구 선릉역_2,11680,11680640
1316,D,발달상권,1001088,삼성역_1,11680,11680610
1317,D,발달상권,1001066,서울 강남구 강남역,11680,11680640
1318,D,발달상권,1001067,오류동역,11530,11530770
1319,D,발달상권,1001068,은마아파트입구사거리_2,11680,11680610
1320,R,전통시장,1001298,성동용답상가시장,11200,11200790
1321,R,전통시장,1001311,동부청과시장,11230,11230536
1322,R,전통시장,1001312,용두시장,11230,11230536
1323,R,전통시장,1001313,청량리수산시장,11230,11230536
1324,R,전통시장,1001314,경동시장,11230,11230545
1325,R,전통시장,1001315,동서시장,11230,11230545
1326,R,전통시장,1001316,서울약령시장,11230,11230545
1327,R,전통시장,1001317,청량리농수산물시장,11230,11230545
1328,R,전통시장,1001318,청량리전통시장,11230,11230545
1329,R,전통시장,1001319,청량리종합시장,11230,11230545
1330,R,전통시장,1001320,전농로터리시장,11230,11230560
1331,R,전통시장,1001321,답십리현대시장,11230,11230610
1332,R,전통시장,1001299,한아름시장,11215,11215710
1333,A,골목상권,1000277,보문로32길,11290,11290575
1334,A,골목상권,1000278,삼선교로10길,11290,11290555
1335,A,골목상권,1000279,삼선교로10다길,11290,11290555
1336,A,골목상권,1000280,삼선교로16가길,11290,11290555
1337,A,골목상권,1000064,우사단로4길,11170,11170700
1338,A,골목상권,1000065,원효로19길,11170,11170570
1339,A,골목상권,1000066,원효로41길,11170,11170570
1340,A,골목상권,1000275,보문로26길,11290,11290600
1341,A,골목상권,1000276,보문로31길,11290,11290555
1342,D,발달상권,1001045,동작구 총신대입구역_1,11590,11590630
1343,D,발달상권,1001046,서울 관악구 신림역_4,11620,11620695
1344,D,발달상권,1001047,뱅뱅사거리_1,11680,11680655
1345,D,발달상권,1001048,뱅뱅사거리,11650,11650520
1346,D,발달상권,1001049,개봉동 현대아파트 인근,11530,11530760
1347,D,발달상권,1001050,교대역_1,11650,11650530
1348,D,발달상권,1001069,은마아파트입구사거리_3,11680,11680630
1349,D,발달상권,1001070,은마아파트입구사거리_4,11680,11680610
1350,D,발달상권,1001071,서울 강남구 한티역,11680,11680630
1351,D,발달상권,1001165,서울 광진구 건대입구역_2,11215,11215710
1352,D,발달상권,1001166,서울 마포구 마포역_2,11440,11440590
1353,D,발달상권,1001167,서울 마포구 공덕역_1,11440,11440565
1354,D,발달상권,1001089,삼정역_1,11680,11680640
1355,D,발달상권,1001090,삼정역_2,11680,11680531
1356,D,발달상권,1001091,삼성역_2,11680,11680610
1357,R,전통시장,1001300,화양제일골목시장,11215,11215710
1358,R,전통시장,1001301,중곡제일시장,11215,11215740
1359,R,전통시장,1001302,면곡골목시장,11215,11215760
1360,R,전통시장,1001303,신성골목시장,11215,11215770
1361,R,전통시장,1001304,자양골목시장,11215,11215820
1362,R,전통시장,1001305,자양종합시장,11215,11215830
1363,R,전통시장,1001306,노룬산골목시장,11215,11215847
1364,R,전통시장,1001307,능동로골목시장,11215,11215840
1365,R,전통시장,1001308,영동교골목시장,11215,11215847
1366,R,전통시장,1001273,남대문시장,11140,11140540
1367,R,전통시장,1001274,신중부시장,11140,11140590
1368,R,전통시장,1001275,인현시장,11140,11140590
1369,R,전통시장,1001276,평화시장,11140,11140590
1370,A,골목상권,1000067,원효로53길,11170,11170590
1371,A,골목상권,1000068,원효로89길,11170,11170560
1372,A,골목상권,1000069,이촌로22길,11170,11170640
1373,A,골목상권,1000070,이태원로27길,11170,11170650
1374,A,골목상권,1000152,아차산로51길,11215,11215850
1375,A,골목상권,1000153,아차산로55길,11215,11215850
1376,A,골목상권,1000154,아차산로65길,11215,11215870
1377,D,발달상권,1001051,보라매공원,11590,11590680
1378,D,발달상권,1001052,뱅뱅사거리_2,11680,11680640
1379,D,발달상권,1001053,서울 강남구 대치역_1,11680,11680600
1380,D,발달상권,1001022,관악구 사당역_2,11590,11590620
1381,D,발달상권,1001023,가산디지털단지역_2,11545,11545510
1382,D,발달상권,1001024,관악구 사당역_1,11650,11650610
1383,D,발달상권,1001025,서울 관악구 서울대입구역_1,11620,11620595
1384,D,발달상권,1001026,구로디지털단지역,11530,11530595
1385,D,발달상권,1001092,강남구 논현역_1,11650,11650560
1386,D,발달상권,1001093,신천역,11710,11710650
1387,D,발달상권,1001094,선정릉역_1,11680,11680590
1388,D,발달상권,1001095,강남구 논현역_2,11680,11680521
1389,D,발달상권,1001096,신도림역,11530,11530510
1390,D,발달상권,1001097,잠실역 롯데월드,11710,11710680
1391,R,전통시장,1001277,방산종합시장,11140,11140605
1392,R,전통시장,1001264,통인시장,11110,11110515
1393,R,전통시장,1001265,광장시장,11110,11110615
1394,R,전통시장,1001266,동대문종합시장,11110,11110630
1395,R,전통시장,1001267,종로신진시장,11110,11110630
1396,R,전통시장,1001268,충신시장,11110,11110630
1397,R,전통시장,1001269,동문시장,11110,11110670
1398,R,전통시장,1001270,창신골목시장,11110,11110680
1399,R,전통시장,1001272,신설종합시장,11110,11110710
1400,R,전통시장,1001286,후암시장,11170,11170510
1401,R,전통시장,1001287,신흥시장,11170,11170520
1402,R,전통시장,1001288,만리시장,11170,11170555
1403,R,전통시장,1001289,용문전통시장,11170,11170590
1404,R,전통시장,1001290,이촌종합시장,11170,11170630
1405,R,전통시장,1001291,이태원시장,11170,11170650
1406,A,골목상권,1000155,아차산로78길,11215,11215810
1407,A,골목상권,1000156,용마산로21길,11215,11215750
1408,A,골목상권,1000157,용마산로3길,11215,11215750
1409,A,골목상권,1000158,자양로11길,11215,11215820
1410,A,골목상권,1000295,장월로1길,11290,11290725
1411,A,골목상권,1000296,장위로50길,11290,11290780
1412,A,골목상권,1000297,정릉로26길,11290,11290630
1413,D,발달상권,1001027,가산디지털단지역_3,11545,11545510
1414,D,발달상권,1001028,서울 관악구 서울대입구역_2,11620,11620575
1415,D,발달상권,1001029,양재역_1,11650,11650651
1416,D,발달상권,1001011,서울 금천구 시흥1동_4,11545,11545670
1417,D,발달상권,1001012,양재 화물트럭터미널앞_1,11650,11650652
1418,D,발달상권,1001013,양재 화물트럭터미널앞_2,11650,11650652
1419,D,발달상권,1001014,양재동 꽃시장,11650,11650652
1420,D,발달상권,1001015,서울 금천구 독산1동_1,11545,11545610
1421,D,발달상권,1001016,서울 관악구 대학동_1,11620,11620735
1422,D,발달상권,1001098,포스코사거리_1,11680,11680590
1423,D,발달상권,1001099,포스코사거리_2,11680,11680580
1424,D,발달상권,1001100,강남구 논현역_3,11680,11680521
1425,D,발달상권,1001101,선정릉역_2,11680,11680590
1426,D,발달상권,1001102,서울 강남구 학동역_1,11680,11680521
1427,D,발달상권,1001103,코엑스,11680,11680580
1428,D,발달상권,1001104,삼성역_3,11680,11680580
1429,D,발달상권,1001054,서울 강남구 대치역_2,11680,11680600
1430,D,발달상권,1001055,서울 서초구 서초역,11650,11650530
1431,D,발달상권,1001056,서울 송파구 가락시장역,11710,11710620
1432,R,전통시장,1001292,이태원제일시장,11170,11170660
1433,R,전통시장,1001293,보광시장,11170,11170700
1434,R,전통시장,1001278,남평화시장,11140,11140615
1435,R,전통시장,1001279,동평화시장,11140,11140615
1436,R,전통시장,1001280,제일평화시장,11140,11140615
1437,R,전통시장,1001281,청평화시장,11140,11140615
1438,R,전통시장,1001282,약수시장,11140,11140635
1439,R,전통시장,1001283,백학시장,11140,11140650
1440,R,전통시장,1001284,서울중앙시장,11140,11140670
1441,R,전통시장,1001309,조양시장,11215,11215847
1442,R,전통시장,1001368,연서시장,11380,11380530
1443,R,전통시장,1001369,갈현시장,11380,11380551
1444,R,전통시장,1001370,역촌중앙시장,11380,11380552
1445,R,전통시장,1001371,대조시장,11380,11380570
1446,A,골목상권,1000377,해등로16길,11320,11320515
1447,A,골목상권,1000378,공릉로58길,11350,11350611
1448,A,골목상권,1000298,정릉로27길,11290,11290630
1449,A,골목상권,1000299,정릉로8길,11290,11290640
1450,A,골목상권,1000300,종암로16길,11290,11290705
1451,A,골목상권,1000376,우이천로4다길,11320,11320513
1452,D,발달상권,1001017,관악구 사당역_3,11620,11620630
1453,D,발달상권,1001018,포이사거리_2,11650,11650652
1454,D,발달상권,1001019,포이사거리_1,11680,11680690
1455,D,발달상권,1001020,장지역,11710,11710642
1456,D,발달상권,1001021,가산디지털단지역_1,11545,11545510
1457,D,발달상권,1001038,구로디지탈1단지,11530,11530540
1458,D,발달상권,1001039,서울 서초구 남부터미널역_2,11650,11650530
1459,D,발달상권,1001040,서울 관악구 신림역_3,11620,11620695
1460,D,발달상권,1001041,서울 강남구 수서역,11680,11680750
1461,D,발달상권,1001057,교대역_2,11650,11650510
1462,D,발달상권,1001058,역삼역_1,11680,11680640
1463,A,골목상권,1000090,금호산길,11200,11200615
1464,D,발달상권,1001175,서울 강동구 고덕역,11740,11740540
1465,R,전통시장,1001453,낙성대시장,11620,11620585
1466,R,전통시장,1001454,봉천제일종합시장,11620,11620595
1467,R,전통시장,1001474,도곡시장,11680,11680650
1468,D,발달상권,1001059,교대역_3,11650,11650530
1469,D,발달상권,1001060,가락시장,11710,11710631
1470,D,발달상권,1001061,방배동카페골목,11650,11650590
1471,D,발달상권,1001062,서울 강남구 강남역_1,11650,11650520
1472,D,발달상권,1001181,서울 광진구 군자역,11215,11215730
1473,D,발달상권,1001123,학동사거리_1,11680,11680531
1474,R,전통시장,1001490,길동복조리시장,11740,11740685
1475,R,전통시장,1001332,사가정시장,11260,11260575
1476,R,전통시장,1001333,중화제일시장,11260,11260630
1477,R,전통시장,1001334,태능시장,11260,11260610
1478,R,전통시장,1001335,묵1동도깨비시장,11260,11260620
1479,R,전통시장,1001336,우림골목시장,11260,11260655
1480,R,전통시장,1001337,유영시장,11260,11260660
1481,R,전통시장,1001338,돈암제일시장,11290,11290555
1482,R,전통시장,1001377,영천시장,11410,11410520
1483,A,골목상권,1000379,동일로173가길,11350,11350595
1484,A,골목상권,1000380,동일로192길,11350,11350595
1485,A,골목상권,1000381,동일로242길,11350,11350630
1486,A,골목상권,1000071,이태원로54길,11170,11170685
1487,A,골목상권,1000072,장문로45길,11170,11170700
1488,A,골목상권,1000073,청파로47길,11170,11170555
1489,D,발달상권,1001042,서울 서초구 남부터미널역_3,11650,11650510
1490,D,발달상권,1001043,동작구 총신대입구역_2,11650,11650621
1491,D,발달상권,1001044,양재역_3,11650,11650520
1492,D,발달상권,1001030,양재역_2,11650,11650651
1493,D,발달상권,1001031,서울 관악구 신림역_1,11620,11620645
1494,D,발달상권,1001032,서울 관악구 신림역_2,11620,11620645
1495,D,발달상권,1001033,서울 서초구 남부터미널역_1,11650,11650510
